;HomeTeam;AwayTeam;FTHG;FTAG;FTR;HTHG;HTAG;HTR;HS;AS;HST;AST;HF;AF;HC;AC;HY;AY;HR;AR
2467;Sunderland;Man City;1;0;H;1;0;H;9;9;5;3;14;18;8;6;2;2;0;0
2469;Arsenal;Leicester;6;1;H;1;0;H;27;2;15;2;14;11;14;0;0;0;0;0
2475;Middlesbrough;Liverpool;1;0;H;1;0;H;7;11;2;5;7;9;2;6;2;2;0;0
2476;Newcastle;Leeds;2;1;H;2;1;H;13;8;4;5;23;17;7;2;4;2;0;0
2477;West Ham;Charlton;5;0;H;3;0;H;17;12;10;8;19;11;5;8;1;0;0;0
2478;Southampton;Tottenham;2;0;H;2;0;H;17;7;6;2;17;13;4;4;1;3;0;0
2480;Ipswich;Tottenham;3;0;H;1;0;H;18;6;9;3;13;17;10;5;0;0;0;0
2484;Southampton;Derby;1;0;H;0;0;D;10;9;5;5;17;10;7;6;0;2;0;0
2485;Charlton;Arsenal;1;0;H;1;0;H;9;10;4;5;15;12;6;12;1;1;0;0
2486;Chelsea;Aston Villa;1;0;H;1;0;H;13;7;5;3;15;19;2;5;0;1;0;0
2488;Derby;Everton;1;0;H;1;0;H;7;9;3;6;9;18;5;11;2;3;0;0
2491;Liverpool;Southampton;2;1;H;1;1;D;16;7;8;3;8;5;15;2;0;1;0;0
2492;Man United;West Ham;3;1;H;2;0;H;25;9;12;5;17;13;8;2;1;2;0;0
2493;Sunderland;Ipswich;4;1;H;1;1;D;16;9;9;3;15;10;4;3;1;5;0;0
2494;Tottenham;Newcastle;4;2;H;3;1;H;16;9;10;4;11;10;9;6;0;2;1;2
2500;Middlesbrough;Derby;4;0;H;1;0;H;13;6;8;3;8;14;4;5;0;4;0;0
2501;Newcastle;Coventry;3;1;H;1;0;H;11;12;6;5;6;9;2;7;0;3;0;0
2504;Ipswich;Leicester;2;0;H;0;0;D;22;6;9;3;14;10;8;1;1;1;0;0
2505;Chelsea;Ipswich;4;1;H;1;1;D;23;5;10;2;11;12;11;1;3;0;0;1
2511;Man United;Aston Villa;2;0;H;0;0;D;12;5;7;3;10;19;7;3;1;2;0;0
2516;Arsenal;Bradford;2;0;H;2;0;H;20;6;8;2;12;14;6;3;1;2;0;0
2517;Charlton;Derby;2;1;H;1;1;D;13;6;9;3;13;14;9;3;2;1;0;0
2518;Chelsea;Newcastle;3;1;H;1;1;D;14;4;4;2;12;19;7;2;1;3;0;0
2520;Leeds;Coventry;1;0;H;0;0;D;11;3;6;1;18;19;9;2;4;5;0;0
2522;Southampton;Leicester;1;0;H;0;0;D;10;6;5;3;14;12;3;3;0;3;0;0
2527;Derby;Sunderland;1;0;H;1;0;H;9;17;3;5;16;18;3;4;7;3;0;0
2529;Leicester;Chelsea;2;1;H;1;0;H;10;8;5;4;7;13;2;7;0;1;0;0
2530;Liverpool;West Ham;3;0;H;2;0;H;14;8;10;3;9;6;5;3;0;1;0;1
2531;Man United;Everton;1;0;H;0;0;D;8;5;1;1;8;11;2;5;0;2;0;0
2535;Arsenal;Ipswich;1;0;H;0;0;D;17;5;10;3;16;15;11;3;2;1;0;0
2538;Everton;Leicester;2;1;H;2;0;H;9;9;6;2;12;7;7;2;3;2;0;0
2541;Southampton;Bradford;2;0;H;0;0;D;12;4;6;1;9;16;8;0;0;1;0;0
2543;Charlton;Newcastle;2;0;H;2;0;H;11;5;4;3;10;12;4;11;2;1;0;0
2547;Derby;Aston Villa;1;0;H;1;0;H;9;19;5;7;9;10;1;9;1;1;0;0
2548;Ipswich;Everton;2;0;H;0;0;D;12;8;6;2;11;14;3;2;1;2;0;1
2549;Leicester;Sunderland;2;0;H;1;0;H;11;9;7;3;13;16;6;5;0;4;0;1
2553;Man United;Arsenal;6;1;H;5;1;H;16;6;9;2;10;6;3;3;0;0;0;0
2554;Arsenal;West Ham;3;0;H;3;0;H;16;4;6;2;19;12;5;6;2;3;0;0
2556;Derby;Tottenham;2;1;H;2;0;H;8;13;4;7;20;12;6;7;2;3;0;0
2559;Leicester;Liverpool;2;0;H;0;0;D;9;8;7;3;9;7;4;7;1;1;0;0
2562;Ipswich;Bradford;3;1;H;0;1;A;21;7;8;5;13;14;7;2;0;4;0;0
2565;Aston Villa;Ipswich;2;1;H;0;1;A;9;8;5;3;15;11;6;2;1;1;0;0
2569;Man United;Leicester;2;0;H;0;0;D;19;5;8;2;11;13;14;2;1;1;0;0
2571;Southampton;Everton;1;0;H;0;0;D;17;5;5;1;13;18;6;6;1;1;0;0
2572;Tottenham;Coventry;3;0;H;2;0;H;12;11;4;5;13;10;5;8;0;1;0;0
2576;Arsenal;Tottenham;2;0;H;0;0;D;25;4;19;3;5;6;12;2;0;1;0;0
2578;Chelsea;Middlesbrough;2;1;H;1;0;H;17;7;5;3;19;10;4;3;2;1;0;0
2579;Coventry;Derby;2;0;H;1;0;H;12;14;7;8;12;16;9;4;0;1;1;0
2580;Liverpool;Man United;2;0;H;2;0;H;15;9;6;3;8;8;6;4;1;1;1;0
2584;Charlton;Leicester;2;0;H;1;0;H;16;5;9;1;12;9;6;2;2;2;0;0
2586;Aston Villa;Leicester;2;1;H;1;1;D;9;6;5;2;11;12;10;3;2;2;0;0
2589;Leeds;Southampton;2;0;H;1;0;H;15;6;7;2;10;11;10;1;0;0;0;0
2591;Everton;Man City;3;1;H;2;1;H;11;13;7;5;17;18;8;8;0;3;1;1
2594;Man United;Charlton;2;1;H;1;0;H;23;3;8;2;8;9;12;4;1;1;0;0
2595;Tottenham;Bradford;2;1;H;1;1;D;17;10;13;5;13;9;5;7;1;1;0;0
2597;Bradford;Charlton;2;0;H;0;0;D;4;3;8;8;13;21;3;7;1;3;0;0
2600;Aston Villa;Everton;2;1;H;1;1;D;8;5;5;3;13;14;5;3;0;3;0;0
2601;Chelsea;Southampton;1;0;H;1;0;H;14;9;8;5;11;19;7;6;3;3;0;0
2602;Ipswich;Newcastle;1;0;H;0;0;D;14;6;5;2;6;13;9;3;0;1;0;1
2604;Man United;Coventry;4;2;H;2;2;D;28;9;13;4;9;18;9;2;1;4;0;0
2606;West Ham;Derby;3;1;H;3;0;H;18;6;10;3;10;18;3;5;0;2;0;0
2607;Coventry;Sunderland;1;0;H;1;0;H;14;6;9;3;15;21;6;3;3;0;0;0
2608;Derby;Leicester;2;0;H;1;0;H;10;7;6;4;17;16;5;6;0;0;0;0
2611;Newcastle;West Ham;2;1;H;1;0;H;20;13;14;6;19;9;7;5;0;0;0;0
2614;Arsenal;Everton;4;1;H;1;1;D;10;4;8;2;7;13;10;0;0;2;0;1
2616;Bradford;Derby;2;0;H;1;0;H;15;12;9;3;14;13;3;8;0;2;0;1
2618;Ipswich;Coventry;2;0;H;1;0;H;13;6;5;2;22;23;2;3;1;4;0;0
2623;Liverpool;Tottenham;3;1;H;1;1;D;14;7;8;5;10;13;6;4;1;1;0;0
2626;Everton;Bradford;2;1;H;0;1;A;18;7;9;4;15;15;5;2;1;2;0;0
2627;Leeds;Chelsea;2;0;H;0;0;D;16;7;9;5;22;17;7;2;2;5;0;0
2628;Man City;West Ham;1;0;H;1;0;H;16;12;9;7;19;12;10;10;3;5;0;0
2630;Newcastle;Leicester;1;0;H;0;0;D;20;4;6;3;15;14;12;0;1;1;0;0
2633;Charlton;Ipswich;2;1;H;1;1;D;10;17;7;6;17;11;2;13;0;1;0;0
2636;Arsenal;Leeds;2;1;H;1;0;H;7;4;4;3;21;18;11;2;4;3;0;0
2637;Aston Villa;Coventry;3;2;H;0;2;A;6;6;4;3;12;23;6;2;2;5;0;0
2639;Chelsea;Everton;2;1;H;2;1;H;13;9;5;3;19;22;8;6;1;1;0;0
2640;Leicester;Tottenham;4;2;H;1;0;H;19;9;9;4;11;14;6;2;3;2;0;0
2641;Liverpool;Newcastle;3;0;H;1;0;H;12;6;5;3;11;10;2;3;0;2;0;0
2643;Sunderland;Charlton;3;2;H;2;1;H;17;17;11;7;17;7;8;5;1;0;0;0
2644;West Ham;Southampton;3;0;H;0;0;D;16;12;12;3;18;18;5;1;2;2;0;0
2645;Ipswich;Man City;2;1;H;0;0;D;15;11;7;7;8;19;9;2;0;0;0;0
2647;Leeds;Bradford;6;1;H;5;1;H;18;13;9;7;20;13;9;7;1;0;0;0
2648;Southampton;Man United;2;1;H;2;0;H;14;9;3;6;13;18;4;4;1;1;0;0
2654;Leeds;Leicester;3;1;H;1;1;D;24;8;11;5;14;17;12;5;3;4;0;0
2656;Middlesbrough;West Ham;2;1;H;2;1;H;19;11;7;5;13;15;5;6;0;0;0;0
2657;Newcastle;Aston Villa;3;0;H;2;0;H;9;5;5;1;10;14;5;1;0;5;1;1
2658;Southampton;Arsenal;3;2;H;0;1;A;11;8;7;5;17;10;7;5;1;2;0;0
2659;Tottenham;Man United;3;1;H;1;1;D;9;15;3;6;13;15;3;6;0;2;0;0
2660;Charlton;Man City;4;0;H;2;0;H;17;8;14;4;13;12;6;6;1;2;0;0
2661;Chelsea;West Ham;4;2;H;1;0;H;17;12;10;5;19;14;7;7;1;2;0;0
2664;Leeds;Everton;2;0;H;2;0;H;17;12;8;6;21;20;6;4;1;3;0;0
2666;Liverpool;Bradford;1;0;H;0;0;D;16;3;10;2;8;8;6;1;1;1;0;0
2667;Sunderland;Arsenal;1;0;H;0;0;D;8;14;2;7;10;21;2;9;3;1;0;1
2668;Tottenham;Ipswich;3;1;H;2;1;H;20;15;6;5;14;13;3;4;0;0;0;0
2669;Man United;Newcastle;2;0;H;1;0;H;19;9;9;6;7;13;7;1;0;1;0;0
2670;Arsenal;Liverpool;2;0;H;1;0;H;17;7;12;4;25;20;10;11;2;4;1;2
2671;Bradford;Chelsea;2;0;H;1;0;H;12;14;3;6;14;16;6;4;0;1;0;0
2674;Everton;Charlton;3;0;H;0;0;D;13;8;8;4;17;15;3;5;2;1;0;1
2675;Man City;Sunderland;4;2;H;2;0;H;15;9;10;4;24;14;7;3;3;3;0;0
2676;Newcastle;Derby;3;2;H;1;1;D;9;10;4;5;23;11;9;6;0;3;1;0
2679;Arsenal;Charlton;5;3;H;1;2;A;18;7;9;4;12;15;8;3;0;1;0;0
2682;Ipswich;Sunderland;1;0;H;0;0;D;14;9;5;3;10;12;7;6;1;1;0;0
2685;Newcastle;Tottenham;2;0;H;1;0;H;15;10;6;2;13;10;4;2;0;0;0;0
2690;Man United;Bradford;6;0;H;2;0;H;21;6;12;4;12;10;5;1;0;1;0;0
2692;Tottenham;Everton;3;2;H;1;2;A;11;11;7;6;11;10;7;5;1;2;0;0
2697;Leicester;Ipswich;2;1;H;0;0;D;12;7;6;3;12;13;6;2;1;1;0;0
2698;Liverpool;Aston Villa;3;1;H;3;0;H;11;9;7;4;13;7;8;7;0;2;0;0
2702;Leicester;Southampton;1;0;H;0;0;D;17;9;6;5;6;9;10;6;0;0;0;0
2703;Liverpool;Man City;3;2;H;1;0;H;14;9;8;7;17;17;9;4;3;4;0;0
2704;Man United;Sunderland;3;0;H;1;0;H;15;5;7;1;18;14;4;4;1;3;0;0
2708;Tottenham;West Ham;1;0;H;0;0;D;15;11;7;5;14;13;11;3;1;2;0;0
2709;Arsenal;Coventry;2;1;H;1;0;H;18;6;13;2;5;13;8;4;1;2;0;0
2710;Aston Villa;Bradford;2;0;H;1;0;H;12;8;7;4;8;12;5;6;0;2;0;0
2711;Charlton;Tottenham;1;0;H;1;0;H;9;10;5;5;8;10;7;5;0;0;0;0
2714;Southampton;Newcastle;2;0;H;0;0;D;13;10;9;7;14;14;4;8;0;0;0;0
2715;Sunderland;Derby;2;1;H;1;0;H;15;10;8;5;16;28;4;5;2;3;0;0
2729;Aston Villa;Derby;4;1;H;2;0;H;12;11;7;6;0;1;6;6;1;1;0;0
2732;Leeds;Tottenham;4;3;H;0;1;A;14;10;7;5;11;20;6;4;0;2;0;0
2736;Arsenal;Man United;1;0;H;1;0;H;7;13;5;4;18;17;3;11;2;3;0;0
2737;Chelsea;Liverpool;3;0;H;2;0;H;11;10;5;2;14;14;3;1;1;1;0;0
2739;Arsenal;Aston Villa;1;0;H;0;0;D;16;8;10;3;12;20;7;4;1;4;0;1
2740;Coventry;Tottenham;2;1;H;2;0;H;0;4;5;5;12;16;3;5;0;4;1;0
2743;Leeds;Charlton;3;1;H;1;0;H;22;10;10;8;7;9;8;5;0;1;0;0
2745;Man City;Bradford;2;0;H;2;0;H;13;10;10;2;10;16;5;6;0;2;0;0
2746;Sunderland;Chelsea;1;0;H;0;0;D;16;11;11;2;12;18;5;0;0;1;1;1
2750;Charlton;Middlesbrough;1;0;H;0;0;D;5;8;2;6;11;19;5;6;2;2;0;0
2751;Chelsea;Coventry;6;1;H;2;0;H;33;3;19;3;6;8;10;0;0;1;0;1
2752;Liverpool;Leicester;1;0;H;0;0;D;24;8;11;3;8;10;10;9;1;2;0;0
2753;Man United;Leeds;3;0;H;1;0;H;26;5;14;0;9;18;12;4;0;2;0;0
2755;Tottenham;Derby;3;1;H;2;1;H;18;8;8;7;9;16;7;4;1;2;0;0
2759;Arsenal;Man City;5;0;H;1;0;H;22;6;14;2;6;13;10;4;0;3;0;1
2760;Aston Villa;Charlton;2;1;H;2;0;H;12;7;7;4;13;11;9;6;3;2;0;0
2761;Chelsea;Tottenham;3;0;H;2;0;H;9;6;7;3;12;14;2;3;3;3;0;0
2762;Ipswich;Middlesbrough;2;1;H;2;0;H;19;7;11;3;8;17;6;1;0;2;0;0
2763;Leicester;Derby;2;1;H;1;1;D;9;7;5;2;9;18;7;3;0;3;0;0
2764;Man United;Southampton;5;0;H;2;0;H;16;12;8;5;5;9;7;7;0;0;0;0
2765;Sunderland;Coventry;1;0;H;0;0;D;11;10;7;4;17;10;1;3;2;2;0;0
2766;West Ham;Newcastle;1;0;H;0;0;D;11;12;4;5;15;10;3;8;3;2;0;0
2768;Liverpool;Everton;3;1;H;1;1;D;10;9;8;7;10;10;9;6;0;1;0;1
2769;Charlton;Bradford;2;0;H;2;0;H;11;12;7;8;10;20;3;6;0;1;0;1
2771;Leeds;Liverpool;4;3;H;1;2;A;10;14;7;8;18;18;7;7;1;4;0;0
2774;Newcastle;Ipswich;2;1;H;1;1;D;11;8;6;5;13;7;7;4;1;0;0;0
2775;Southampton;Chelsea;3;2;H;2;0;H;10;9;4;4;16;11;7;7;4;2;0;0
2776;Tottenham;Sunderland;2;1;H;1;0;H;11;12;6;3;18;9;8;7;1;0;1;0
2780;Aston Villa;Tottenham;2;0;H;1;0;H;11;3;6;2;15;13;10;1;0;3;0;0
2782;Ipswich;Charlton;2;0;H;0;0;D;30;7;13;4;8;12;13;3;0;2;0;0
2784;Man United;Middlesbrough;2;1;H;0;1;A;18;5;11;1;5;10;10;0;0;0;0;0
2786;West Ham;Man City;4;1;H;0;1;A;22;10;11;5;7;7;7;5;1;1;0;0
2788;Liverpool;Coventry;4;1;H;1;0;H;19;10;13;5;10;12;7;1;1;0;0;0
2789;Charlton;Chelsea;2;0;H;1;0;H;10;13;6;3;18;22;4;5;2;3;0;0
2790;Derby;Bradford;2;0;H;0;0;D;7;7;3;4;10;18;2;4;3;1;0;0
2791;Everton;Arsenal;2;0;H;0;0;D;4;4;2;2;20;12;3;5;3;1;0;0
2796;Southampton;Aston Villa;2;0;H;2;0;H;7;9;3;3;10;10;3;3;0;0;0;0
2797;Tottenham;Liverpool;2;1;H;2;1;H;6;9;4;4;11;13;6;5;1;2;0;0
2802;Everton;Chelsea;2;1;H;0;1;A;11;10;5;6;11;18;1;4;0;3;0;1
2806;Tottenham;Leicester;3;0;H;2;0;H;15;11;7;5;21;15;5;8;1;3;0;1
2807;Leeds;Arsenal;1;0;H;0;0;D;12;9;6;3;19;22;8;4;1;7;0;0
2808;Newcastle;Liverpool;2;1;H;1;0;H;9;13;6;9;17;15;5;11;3;2;0;0
2809;Arsenal;Southampton;1;0;H;0;0;D;24;7;12;5;14;15;16;8;0;2;0;0
2811;Bradford;Coventry;2;1;H;0;0;D;10;13;6;7;11;12;9;8;3;2;0;0
2813;Leicester;Leeds;3;1;H;3;0;H;8;12;5;4;10;7;0;6;1;2;0;1
2814;Liverpool;Charlton;3;0;H;1;0;H;13;7;3;2;10;9;6;5;1;1;0;0
2815;Man United;Tottenham;2;0;H;1;0;H;16;5;8;3;7;8;7;5;2;1;0;0
2816;West Ham;Middlesbrough;1;0;H;1;0;H;14;5;6;3;17;19;7;5;1;4;0;1
2817;Chelsea;Man City;2;1;H;2;0;H;9;11;7;5;9;12;7;10;2;0;0;0
2818;Sunderland;Everton;2;0;H;1;0;H;24;7;11;2;16;23;8;4;0;3;0;0
2819;Arsenal;Newcastle;5;0;H;2;0;H;15;3;10;1;10;11;5;2;0;3;0;0
2822;Chelsea;Derby;4;1;H;3;0;H;19;5;10;3;8;14;3;6;0;0;0;0
2823;Man City;Everton;5;0;H;3;0;H;13;14;9;4;12;12;5;13;0;1;0;0
2824;Southampton;Leeds;1;0;H;1;0;H;12;13;3;5;13;15;2;10;3;4;1;0
2825;Sunderland;Middlesbrough;1;0;H;0;0;D;8;8;5;5;22;21;5;3;1;3;0;0
2827;Coventry;Leicester;1;0;H;1;0;H;12;6;5;1;11;15;8;10;0;1;0;0
2830;Derby;Coventry;1;0;H;1;0;H;4;14;3;5;17;10;3;5;1;3;0;0
2832;Ipswich;Southampton;3;1;H;0;1;A;15;13;7;4;11;12;6;1;1;2;0;0
2833;Leeds;Sunderland;2;0;H;1;0;H;17;17;8;6;16;20;8;5;3;4;0;0
2834;Leicester;Charlton;3;1;H;1;1;D;9;12;5;8;11;16;5;5;1;2;0;0
2835;Middlesbrough;Chelsea;1;0;H;0;0;D;7;9;4;3;14;16;3;5;0;2;0;0
2836;Newcastle;Bradford;2;1;H;1;0;H;17;7;6;3;16;17;4;3;0;2;0;0
2840;Charlton;Everton;1;0;H;1;0;H;10;10;7;4;15;21;13;6;1;4;0;0
2841;Chelsea;Bradford;3;0;H;1;0;H;17;7;8;1;8;12;5;4;0;1;0;0
2842;Derby;Newcastle;2;0;H;1;0;H;8;8;5;4;17;16;2;3;1;2;0;0
2844;Leicester;West Ham;2;1;H;1;1;D;11;11;6;4;7;5;6;5;1;0;0;0
2845;Liverpool;Arsenal;4;0;H;1;0;H;12;12;6;6;18;14;6;3;2;0;0;0
2846;Man United;Ipswich;2;0;H;2;0;H;20;5;4;3;7;8;11;3;0;1;0;0
2847;Sunderland;Man City;1;0;H;1;0;H;9;9;5;3;14;18;8;6;2;2;0;0
2849;Arsenal;Leicester;6;1;H;1;0;H;27;2;15;2;14;11;14;0;0;0;0;0
2855;Middlesbrough;Liverpool;1;0;H;1;0;H;7;11;2;5;7;9;2;6;2;2;0;0
2856;Newcastle;Leeds;2;1;H;2;1;H;13;8;4;5;23;17;7;2;4;2;0;0
2857;West Ham;Charlton;5;0;H;3;0;H;17;12;10;8;19;11;5;8;1;0;0;0
2858;Southampton;Tottenham;2;0;H;2;0;H;17;7;6;2;17;13;4;4;1;3;0;0
2860;Ipswich;Tottenham;3;0;H;1;0;H;18;6;9;3;13;17;10;5;0;0;0;0
2864;Southampton;Derby;1;0;H;0;0;D;10;9;5;5;17;10;7;6;0;2;0;0
2865;Charlton;Arsenal;1;0;H;1;0;H;9;10;4;5;15;12;6;12;1;1;0;0
2866;Chelsea;Aston Villa;1;0;H;1;0;H;13;7;5;3;15;19;2;5;0;1;0;0
2868;Derby;Everton;1;0;H;1;0;H;7;9;3;6;9;18;5;11;2;3;0;0
2871;Liverpool;Southampton;2;1;H;1;1;D;16;7;8;3;8;5;15;2;0;1;0;0
2872;Man United;West Ham;3;1;H;2;0;H;25;9;12;5;17;13;8;2;1;2;0;0
2873;Sunderland;Ipswich;4;1;H;1;1;D;16;9;9;3;15;10;4;3;1;5;0;0
2874;Tottenham;Newcastle;4;2;H;3;1;H;16;9;10;4;11;10;9;6;0;2;1;2
2880;Middlesbrough;Derby;4;0;H;1;0;H;13;6;8;3;8;14;4;5;0;4;0;0
2881;Newcastle;Coventry;3;1;H;1;0;H;11;12;6;5;6;9;2;7;0;3;0;0
2884;Ipswich;Leicester;2;0;H;0;0;D;22;6;9;3;14;10;8;1;1;1;0;0
2885;Chelsea;Ipswich;4;1;H;1;1;D;23;5;10;2;11;12;11;1;3;0;0;1
2891;Man United;Aston Villa;2;0;H;0;0;D;12;5;7;3;10;19;7;3;1;2;0;0
2896;Arsenal;Bradford;2;0;H;2;0;H;20;6;8;2;12;14;6;3;1;2;0;0
2897;Charlton;Derby;2;1;H;1;1;D;13;6;9;3;13;14;9;3;2;1;0;0
2898;Chelsea;Newcastle;3;1;H;1;1;D;14;4;4;2;12;19;7;2;1;3;0;0
2900;Leeds;Coventry;1;0;H;0;0;D;11;3;6;1;18;19;9;2;4;5;0;0
2902;Southampton;Leicester;1;0;H;0;0;D;10;6;5;3;14;12;3;3;0;3;0;0
2907;Derby;Sunderland;1;0;H;1;0;H;9;17;3;5;16;18;3;4;7;3;0;0
2909;Leicester;Chelsea;2;1;H;1;0;H;10;8;5;4;7;13;2;7;0;1;0;0
2910;Liverpool;West Ham;3;0;H;2;0;H;14;8;10;3;9;6;5;3;0;1;0;1
2911;Man United;Everton;1;0;H;0;0;D;8;5;1;1;8;11;2;5;0;2;0;0
2915;Arsenal;Ipswich;1;0;H;0;0;D;17;5;10;3;16;15;11;3;2;1;0;0
2918;Everton;Leicester;2;1;H;2;0;H;9;9;6;2;12;7;7;2;3;2;0;0
2921;Southampton;Bradford;2;0;H;0;0;D;12;4;6;1;9;16;8;0;0;1;0;0
2923;Charlton;Newcastle;2;0;H;2;0;H;11;5;4;3;10;12;4;11;2;1;0;0
2927;Derby;Aston Villa;1;0;H;1;0;H;9;19;5;7;9;10;1;9;1;1;0;0
2928;Ipswich;Everton;2;0;H;0;0;D;12;8;6;2;11;14;3;2;1;2;0;1
2929;Leicester;Sunderland;2;0;H;1;0;H;11;9;7;3;13;16;6;5;0;4;0;1
2933;Man United;Arsenal;6;1;H;5;1;H;16;6;9;2;10;6;3;3;0;0;0;0
2934;Arsenal;West Ham;3;0;H;3;0;H;16;4;6;2;19;12;5;6;2;3;0;0
2936;Derby;Tottenham;2;1;H;2;0;H;8;13;4;7;20;12;6;7;2;3;0;0
2939;Leicester;Liverpool;2;0;H;0;0;D;9;8;7;3;9;7;4;7;1;1;0;0
2942;Ipswich;Bradford;3;1;H;0;1;A;21;7;8;5;13;14;7;2;0;4;0;0
2945;Aston Villa;Ipswich;2;1;H;0;1;A;9;8;5;3;15;11;6;2;1;1;0;0
2949;Man United;Leicester;2;0;H;0;0;D;19;5;8;2;11;13;14;2;1;1;0;0
2951;Southampton;Everton;1;0;H;0;0;D;17;5;5;1;13;18;6;6;1;1;0;0
2952;Tottenham;Coventry;3;0;H;2;0;H;12;11;4;5;13;10;5;8;0;1;0;0
2956;Arsenal;Tottenham;2;0;H;0;0;D;25;4;19;3;5;6;12;2;0;1;0;0
2958;Chelsea;Middlesbrough;2;1;H;1;0;H;17;7;5;3;19;10;4;3;2;1;0;0
2959;Coventry;Derby;2;0;H;1;0;H;12;14;7;8;12;16;9;4;0;1;1;0
2960;Liverpool;Man United;2;0;H;2;0;H;15;9;6;3;8;8;6;4;1;1;1;0
2964;Charlton;Leicester;2;0;H;1;0;H;16;5;9;1;12;9;6;2;2;2;0;0
2966;Aston Villa;Leicester;2;1;H;1;1;D;9;6;5;2;11;12;10;3;2;2;0;0
2969;Leeds;Southampton;2;0;H;1;0;H;15;6;7;2;10;11;10;1;0;0;0;0
2971;Everton;Man City;3;1;H;2;1;H;11;13;7;5;17;18;8;8;0;3;1;1
2974;Man United;Charlton;2;1;H;1;0;H;23;3;8;2;8;9;12;4;1;1;0;0
2975;Tottenham;Bradford;2;1;H;1;1;D;17;10;13;5;13;9;5;7;1;1;0;0
2977;Bradford;Charlton;2;0;H;0;0;D;4;3;8;8;13;21;3;7;1;3;0;0
2980;Aston Villa;Everton;2;1;H;1;1;D;8;5;5;3;13;14;5;3;0;3;0;0
2981;Chelsea;Southampton;1;0;H;1;0;H;14;9;8;5;11;19;7;6;3;3;0;0
2982;Ipswich;Newcastle;1;0;H;0;0;D;14;6;5;2;6;13;9;3;0;1;0;1
2984;Man United;Coventry;4;2;H;2;2;D;28;9;13;4;9;18;9;2;1;4;0;0
2986;West Ham;Derby;3;1;H;3;0;H;18;6;10;3;10;18;3;5;0;2;0;0
2987;Coventry;Sunderland;1;0;H;1;0;H;14;6;9;3;15;21;6;3;3;0;0;0
2988;Derby;Leicester;2;0;H;1;0;H;10;7;6;4;17;16;5;6;0;0;0;0
2991;Newcastle;West Ham;2;1;H;1;0;H;20;13;14;6;19;9;7;5;0;0;0;0
2994;Arsenal;Everton;4;1;H;1;1;D;10;4;8;2;7;13;10;0;0;2;0;1
2996;Bradford;Derby;2;0;H;1;0;H;15;12;9;3;14;13;3;8;0;2;0;1
2998;Ipswich;Coventry;2;0;H;1;0;H;13;6;5;2;22;23;2;3;1;4;0;0
3003;Liverpool;Tottenham;3;1;H;1;1;D;14;7;8;5;10;13;6;4;1;1;0;0
3006;Everton;Bradford;2;1;H;0;1;A;18;7;9;4;15;15;5;2;1;2;0;0
3007;Leeds;Chelsea;2;0;H;0;0;D;16;7;9;5;22;17;7;2;2;5;0;0
3008;Man City;West Ham;1;0;H;1;0;H;16;12;9;7;19;12;10;10;3;5;0;0
3010;Newcastle;Leicester;1;0;H;0;0;D;20;4;6;3;15;14;12;0;1;1;0;0
3013;Charlton;Ipswich;2;1;H;1;1;D;10;17;7;6;17;11;2;13;0;1;0;0
3016;Arsenal;Leeds;2;1;H;1;0;H;7;4;4;3;21;18;11;2;4;3;0;0
3017;Aston Villa;Coventry;3;2;H;0;2;A;6;6;4;3;12;23;6;2;2;5;0;0
3019;Chelsea;Everton;2;1;H;2;1;H;13;9;5;3;19;22;8;6;1;1;0;0
3020;Leicester;Tottenham;4;2;H;1;0;H;19;9;9;4;11;14;6;2;3;2;0;0
3021;Liverpool;Newcastle;3;0;H;1;0;H;12;6;5;3;11;10;2;3;0;2;0;0
3023;Sunderland;Charlton;3;2;H;2;1;H;17;17;11;7;17;7;8;5;1;0;0;0
3024;West Ham;Southampton;3;0;H;0;0;D;16;12;12;3;18;18;5;1;2;2;0;0
3025;Ipswich;Man City;2;1;H;0;0;D;15;11;7;7;8;19;9;2;0;0;0;0
3027;Leeds;Bradford;6;1;H;5;1;H;18;13;9;7;20;13;9;7;1;0;0;0
3028;Southampton;Man United;2;1;H;2;0;H;14;9;3;6;13;18;4;4;1;1;0;0
3034;Leeds;Leicester;3;1;H;1;1;D;24;8;11;5;14;17;12;5;3;4;0;0
3036;Middlesbrough;West Ham;2;1;H;2;1;H;19;11;7;5;13;15;5;6;0;0;0;0
3037;Newcastle;Aston Villa;3;0;H;2;0;H;9;5;5;1;10;14;5;1;0;5;1;1
3038;Southampton;Arsenal;3;2;H;0;1;A;11;8;7;5;17;10;7;5;1;2;0;0
3039;Tottenham;Man United;3;1;H;1;1;D;9;15;3;6;13;15;3;6;0;2;0;0
3040;Charlton;Man City;4;0;H;2;0;H;17;8;14;4;13;12;6;6;1;2;0;0
3041;Chelsea;West Ham;4;2;H;1;0;H;17;12;10;5;19;14;7;7;1;2;0;0
3044;Leeds;Everton;2;0;H;2;0;H;17;12;8;6;21;20;6;4;1;3;0;0
3046;Liverpool;Bradford;1;0;H;0;0;D;16;3;10;2;8;8;6;1;1;1;0;0
3047;Sunderland;Arsenal;1;0;H;0;0;D;8;14;2;7;10;21;2;9;3;1;0;1
3048;Tottenham;Ipswich;3;1;H;2;1;H;20;15;6;5;14;13;3;4;0;0;0;0
3049;Man United;Newcastle;2;0;H;1;0;H;19;9;9;6;7;13;7;1;0;1;0;0
3050;Arsenal;Liverpool;2;0;H;1;0;H;17;7;12;4;25;20;10;11;2;4;1;2
3051;Bradford;Chelsea;2;0;H;1;0;H;12;14;3;6;14;16;6;4;0;1;0;0
3054;Everton;Charlton;3;0;H;0;0;D;13;8;8;4;17;15;3;5;2;1;0;1
3055;Man City;Sunderland;4;2;H;2;0;H;15;9;10;4;24;14;7;3;3;3;0;0
3056;Newcastle;Derby;3;2;H;1;1;D;9;10;4;5;23;11;9;6;0;3;1;0
3059;Arsenal;Charlton;5;3;H;1;2;A;18;7;9;4;12;15;8;3;0;1;0;0
3062;Ipswich;Sunderland;1;0;H;0;0;D;14;9;5;3;10;12;7;6;1;1;0;0
3065;Newcastle;Tottenham;2;0;H;1;0;H;15;10;6;2;13;10;4;2;0;0;0;0
3070;Man United;Bradford;6;0;H;2;0;H;21;6;12;4;12;10;5;1;0;1;0;0
3072;Tottenham;Everton;3;2;H;1;2;A;11;11;7;6;11;10;7;5;1;2;0;0
3077;Leicester;Ipswich;2;1;H;0;0;D;12;7;6;3;12;13;6;2;1;1;0;0
3078;Liverpool;Aston Villa;3;1;H;3;0;H;11;9;7;4;13;7;8;7;0;2;0;0
3082;Leicester;Southampton;1;0;H;0;0;D;17;9;6;5;6;9;10;6;0;0;0;0
3083;Liverpool;Man City;3;2;H;1;0;H;14;9;8;7;17;17;9;4;3;4;0;0
3084;Man United;Sunderland;3;0;H;1;0;H;15;5;7;1;18;14;4;4;1;3;0;0
3088;Tottenham;West Ham;1;0;H;0;0;D;15;11;7;5;14;13;11;3;1;2;0;0
3089;Arsenal;Coventry;2;1;H;1;0;H;18;6;13;2;5;13;8;4;1;2;0;0
3090;Aston Villa;Bradford;2;0;H;1;0;H;12;8;7;4;8;12;5;6;0;2;0;0
3091;Charlton;Tottenham;1;0;H;1;0;H;9;10;5;5;8;10;7;5;0;0;0;0
3094;Southampton;Newcastle;2;0;H;0;0;D;13;10;9;7;14;14;4;8;0;0;0;0
3095;Sunderland;Derby;2;1;H;1;0;H;15;10;8;5;16;28;4;5;2;3;0;0
4512;Charlton;Aston Villa;3;3;D;2;0;H;12;11;5;8;10;15;5;7;3;4;1;0
4515;Aston Villa;Southampton;0;0;D;0;0;D;9;3;2;3;10;15;4;5;1;2;0;0
4520;Man United;Man City;1;1;D;0;0;D;13;6;6;4;14;20;3;2;0;0;1;0
4521;Sunderland;Newcastle;1;1;D;0;0;D;16;9;10;5;17;22;4;8;5;4;0;0
4532;Tottenham;Aston Villa;0;0;D;0;0;D;7;7;3;4;13;13;5;6;1;0;0;0
4535;Newcastle;Southampton;1;1;D;1;0;H;7;11;5;3;15;17;4;2;2;1;0;0
4538;Bradford;Middlesbrough;1;1;D;1;0;H;10;14;7;9;25;21;6;6;4;2;0;0
4546;Liverpool;Chelsea;2;2;D;1;1;D;16;14;8;7;14;21;6;6;1;4;0;0
4549;Newcastle;Arsenal;0;0;D;0;0;D;12;8;2;1;14;10;4;8;1;0;0;0
4551;Coventry;Bradford;0;0;D;0;0;D;15;10;7;3;15;13;9;3;1;1;0;0
4552;Derby;Ipswich;1;1;D;1;0;H;7;13;2;6;14;15;3;11;1;1;0;0
4553;Everton;Sunderland;2;2;D;1;1;D;18;11;8;4;12;13;5;6;5;3;0;1
4563;Derby;Southampton;2;2;D;1;2;A;6;13;4;6;11;13;5;8;1;1;0;0
4565;Leicester;Aston Villa;0;0;D;0;0;D;5;5;4;3;12;12;5;4;2;3;0;0
4572;Ipswich;Man United;1;1;D;1;1;D;13;15;8;6;10;7;4;6;1;4;0;0
4573;Middlesbrough;Tottenham;1;1;D;0;1;A;12;11;6;4;9;18;5;5;2;1;0;0
4580;Bradford;Leicester;0;0;D;0;0;D;8;13;4;8;11;12;6;8;1;2;0;0
4581;Everton;Derby;2;2;D;2;0;H;12;7;9;4;11;9;11;2;2;3;0;0
4586;Southampton;Liverpool;3;3;D;0;1;A;14;9;7;4;7;6;7;1;0;0;0;0
4587;West Ham;Man United;2;2;D;0;1;A;17;8;8;5;12;9;7;5;1;0;0;0
4588;Aston Villa;Chelsea;1;1;D;1;1;D;12;11;9;7;13;12;7;10;0;1;0;0
4591;Sunderland;West Ham;1;1;D;1;1;D;17;16;7;9;19;14;4;11;2;3;0;0
4593;Charlton;Southampton;1;1;D;0;0;D;8;11;6;3;14;16;10;14;3;3;1;0
4594;Chelsea;Arsenal;2;2;D;1;0;H;12;13;5;5;16;22;7;6;3;1;0;0
4596;Derby;Middlesbrough;3;3;D;0;1;A;9;5;5;4;8;10;11;5;3;2;0;0
4599;Bradford;Arsenal;1;1;D;1;0;H;9;18;5;11;17;13;4;10;0;2;0;0
4600;Coventry;Leeds;0;0;D;0;0;D;9;11;1;5;15;14;6;6;2;2;0;0
4606;Newcastle;Chelsea;0;0;D;0;0;D;10;10;4;3;17;21;5;6;0;3;0;0
4607;Derby;Charlton;2;2;D;2;0;H;12;10;6;6;17;12;4;11;3;1;0;0
4617;Man City;Middlesbrough;1;1;D;0;0;D;11;4;4;2;15;11;9;3;2;5;0;0
4618;West Ham;Liverpool;1;1;D;0;1;A;15;7;4;2;5;13;9;0;0;2;0;0
4621;Derby;Leeds;1;1;D;0;1;A;13;16;7;6;17;15;7;4;2;2;1;0
4622;Ipswich;Arsenal;1;1;D;0;0;D;17;10;6;4;8;13;4;7;1;2;0;0
4623;Liverpool;Sunderland;1;1;D;1;1;D;11;8;6;3;14;18;12;3;2;2;0;0
4624;Man United;Chelsea;3;3;D;3;2;H;11;13;5;5;15;19;8;4;3;2;0;0
4625;Middlesbrough;Aston Villa;1;1;D;0;0;D;12;15;5;7;7;14;5;5;3;0;0;0
4627;Tottenham;Man City;0;0;D;0;0;D;18;7;5;2;10;14;5;4;0;2;0;0
4628;Leicester;Everton;1;1;D;1;0;H;10;9;4;3;14;13;9;3;3;1;0;0
4630;Charlton;Coventry;2;2;D;0;1;A;12;10;8;6;8;16;6;6;1;2;0;0
4635;West Ham;Bradford;1;1;D;1;0;H;14;9;6;6;14;10;7;2;3;2;0;0
4638;Sunderland;Leicester;0;0;D;0;0;D;11;8;5;2;12;8;6;2;3;1;0;0
4641;Everton;Southampton;1;1;D;0;0;D;7;7;3;4;16;13;9;8;1;3;0;0
4642;Ipswich;West Ham;1;1;D;1;0;H;11;7;8;2;10;11;8;5;0;4;0;0
4657;Aston Villa;Sunderland;0;0;D;0;0;D;17;7;4;3;11;17;7;3;1;3;0;0
4667;Bradford;Leeds;1;1;D;1;0;H;11;12;6;9;15;15;5;9;3;4;0;0
4678;Derby;West Ham;0;0;D;0;0;D;14;6;2;6;14;18;6;1;1;1;0;0
4679;Arsenal;Derby;0;0;D;0;0;D;15;9;9;2;12;13;10;0;0;2;0;0
4683;Leicester;Newcastle;1;1;D;0;0;D;8;7;4;1;7;8;0;3;1;1;0;0
4685;Sunderland;Southampton;2;2;D;1;1;D;11;10;5;5;13;21;7;4;1;1;0;0
4687;Chelsea;Leeds;1;1;D;0;0;D;12;11;7;3;19;24;3;2;4;4;0;0
4700;Coventry;Aston Villa;1;1;D;0;1;A;10;7;2;4;9;19;6;1;1;2;0;0
4704;Middlesbrough;Bradford;2;2;D;0;2;A;14;9;9;5;17;18;6;4;0;2;1;0
4710;Aston Villa;Newcastle;1;1;D;1;0;H;8;9;4;5;11;12;8;2;2;1;0;0
4720;Bradford;Tottenham;3;3;D;1;2;A;13;6;6;4;6;16;7;2;2;0;0;0
4721;Charlton;Man United;3;3;D;1;2;A;15;15;8;8;6;10;9;6;0;1;0;0
4726;West Ham;Aston Villa;1;1;D;1;1;D;13;15;5;4;14;15;4;4;1;3;0;0
4729;Aston Villa;Man City;2;2;D;0;0;D;10;9;5;4;8;16;5;4;2;1;1;0
4731;Everton;West Ham;1;1;D;0;0;D;15;9;5;4;10;7;9;7;1;2;0;0
4738;Tottenham;Arsenal;1;1;D;1;0;H;8;17;4;10;20;14;3;7;2;1;0;0
4739;Coventry;Southampton;1;1;D;1;0;H;12;10;5;2;12;13;8;6;1;1;0;0
4748;Tottenham;Middlesbrough;0;0;D;0;0;D;16;5;8;0;22;13;8;4;2;3;0;0
4753;Ipswich;Chelsea;2;2;D;1;2;A;19;7;13;4;5;9;8;2;0;4;0;0
4754;Man City;Derby;0;0;D;0;0;D;15;14;7;3;15;14;7;7;2;2;0;0
4759;Arsenal;Sunderland;2;2;D;2;0;H;17;14;9;7;14;18;11;1;0;3;0;0
4762;Middlesbrough;Coventry;1;1;D;0;1;A;14;9;6;3;9;16;4;3;1;3;0;0
4763;Newcastle;Man United;1;1;D;0;1;A;14;8;4;6;13;10;6;3;2;3;0;0
4767;Coventry;Man City;1;1;D;0;0;D;19;10;9;5;16;15;12;8;1;2;0;0
4769;Leeds;Middlesbrough;1;1;D;0;1;A;16;5;5;3;14;15;5;1;2;3;0;0
4775;Arsenal;Chelsea;1;1;D;1;0;H;15;12;8;8;13;15;10;3;1;4;0;0
4778;Everton;Tottenham;0;0;D;0;0;D;17;4;8;1;11;15;9;0;1;0;0;0
4782;Southampton;Charlton;0;0;D;0;0;D;17;10;6;4;8;12;9;3;0;0;0;0
4787;Derby;Man City;1;1;D;0;0;D;9;10;3;4;17;22;5;4;2;2;0;0
4789;Leicester;Arsenal;0;0;D;0;0;D;3;13;0;4;6;8;1;9;2;2;1;0
4790;Liverpool;Middlesbrough;0;0;D;0;0;D;22;4;7;2;9;10;7;3;1;1;0;0
4792;Tottenham;Southampton;0;0;D;0;0;D;9;9;4;6;10;15;6;0;0;1;0;0
4793;Sunderland;Bradford;0;0;D;0;0;D;14;7;6;3;10;13;8;7;0;1;0;0
4794;Charlton;West Ham;1;1;D;1;0;H;9;18;3;3;11;8;0;5;0;1;0;0
4799;Everton;Middlesbrough;2;2;D;0;1;A;17;6;8;3;17;12;9;1;1;5;0;0
4801;Man City;Liverpool;1;1;D;0;1;A;4;16;2;3;17;13;5;11;1;1;0;0
4804;West Ham;Tottenham;0;0;D;0;0;D;17;14;6;6;9;16;9;4;1;1;0;0
4812;Middlesbrough;Man City;1;1;D;0;1;A;14;6;6;3;12;14;4;2;0;2;1;0
4813;Tottenham;Charlton;0;0;D;0;0;D;9;7;3;2;17;14;2;3;2;0;0;0
4814;Everton;Leeds;2;2;D;1;0;H;7;9;4;5;18;18;4;7;2;1;0;0
4816;Aston Villa;Middlesbrough;1;1;D;1;0;H;15;6;4;3;11;11;7;4;1;1;0;0
4817;Chelsea;Man United;1;1;D;1;0;H;8;16;4;6;16;12;3;8;0;2;0;0
4819;Leeds;Derby;0;0;D;0;0;D;12;3;6;2;11;17;17;4;2;5;0;0
4822;Sunderland;Liverpool;1;1;D;0;0;D;9;8;6;4;15;25;9;6;5;3;0;0
4824;West Ham;Coventry;1;1;D;0;0;D;21;13;9;4;13;16;5;4;2;5;0;0
4825;Bradford;West Ham;1;2;A;0;1;A;15;11;5;5;9;10;7;1;1;2;0;0
4826;Coventry;Charlton;2;2;D;1;1;D;17;15;7;7;15;11;3;7;0;0;0;0
4830;Middlesbrough;Southampton;0;1;A;0;0;D;11;10;6;5;9;9;3;6;1;0;0;0
4831;Newcastle;Man City;0;1;A;0;0;D;10;11;3;3;18;11;5;5;1;0;0;0
4832;Tottenham;Leeds;1;2;A;1;1;D;13;15;4;9;16;14;5;12;2;1;0;0
4835;Coventry;Chelsea;0;0;D;0;0;D;17;24;10;11;13;15;5;8;2;2;0;0
4837;Everton;Newcastle;1;1;D;0;0;D;16;4;6;2;13;12;4;1;1;2;0;0
4838;Leeds;Man United;1;1;D;0;0;D;18;5;10;5;25;21;14;3;3;5;0;0
4840;Man City;Southampton;0;1;A;0;0;D;15;6;7;1;15;15;5;6;1;1;0;0
4841;Middlesbrough;Charlton;0;0;D;0;0;D;8;11;2;8;13;12;4;5;1;1;0;0
4843;Sunderland;Aston Villa;1;1;D;0;0;D;18;6;12;2;17;18;5;3;1;2;0;0
4844;West Ham;Chelsea;0;2;A;0;2;A;7;17;2;6;12;9;1;0;2;2;0;0
4846;Bradford;Man City;2;2;D;0;1;A;16;10;7;3;13;12;3;3;2;1;0;0
4847;Charlton;Leeds;1;2;A;1;1;D;7;7;3;5;19;13;2;5;3;5;0;0
4848;Chelsea;Sunderland;2;4;A;2;1;H;14;11;6;7;15;26;4;5;0;0;0;0
4850;Newcastle;Middlesbrough;1;2;A;0;2;A;16;7;5;4;14;19;5;1;0;3;0;1
4853;West Ham;Ipswich;0;1;A;0;0;D;5;13;2;5;14;8;4;5;0;0;0;0
4854;Aston Villa;Arsenal;0;0;D;0;0;D;4;14;2;5;16;13;3;3;2;2;0;1
4855;Liverpool;Derby;1;1;D;0;1;A;18;7;8;4;11;9;9;3;2;2;0;0
4857;Bradford;Newcastle;2;2;D;2;1;H;22;14;8;7;17;23;10;8;0;1;0;0
4861;Man City;Aston Villa;1;3;A;1;2;A;12;8;6;7;18;13;9;2;6;4;1;0
4862;Sunderland;Leeds;0;2;A;0;1;A;14;7;8;4;17;10;8;4;2;2;0;1
4863;West Ham;Everton;0;2;A;0;1;A;17;10;6;7;16;16;8;2;3;2;1;0
4865;Southampton;Ipswich;0;3;A;0;1;A;11;11;3;5;17;15;6;7;2;1;0;0
4867;Aston Villa;West Ham;2;2;D;0;0;D;6;7;4;5;5;3;5;3;1;3;0;0
4868;Derby;Chelsea;0;4;A;0;0;D;3;10;2;7;13;7;1;9;1;1;0;0
4870;Leicester;Coventry;1;3;A;1;2;A;9;15;4;5;9;19;4;9;3;2;0;0
4872;Middlesbrough;Sunderland;0;0;D;0;0;D;12;12;6;4;22;22;3;2;5;3;1;0
4873;Ipswich;Liverpool;1;1;D;0;0;D;8;7;5;2;10;15;6;1;0;0;0;0
4876;Man City;Arsenal;0;4;A;0;4;A;7;15;2;8;10;8;7;3;2;0;0;0
4878;Liverpool;Leeds;1;2;A;0;2;A;11;9;5;3;19;16;8;2;3;1;1;0
4879;Arsenal;Middlesbrough;0;3;A;0;2;A;17;6;8;2;13;11;9;0;1;1;0;0
4883;Leicester;Man City;1;2;A;1;1;D;15;8;9;3;13;26;5;1;2;3;0;0
4885;Sunderland;Tottenham;2;3;A;2;0;H;13;8;4;6;12;15;3;3;1;2;0;0
4889;Everton;Liverpool;2;3;A;1;1;D;10;10;7;6;19;15;2;5;4;2;1;0
4890;Middlesbrough;Ipswich;1;2;A;1;0;H;4;12;1;5;8;8;5;4;0;0;0;0
4892;Charlton;Aston Villa;3;3;D;2;0;H;12;11;5;8;10;15;5;7;3;4;1;0
4893;Tottenham;Chelsea;0;3;A;0;1;A;5;16;1;10;14;11;2;5;2;2;1;0
4895;Aston Villa;Southampton;0;0;D;0;0;D;9;3;2;3;10;15;4;5;1;2;0;0
4897;Chelsea;Charlton;0;1;A;0;1;A;9;4;1;2;12;14;10;3;3;0;0;0
4899;Leicester;Middlesbrough;0;3;A;0;1;A;15;15;4;7;13;11;12;5;3;1;0;0
4900;Man United;Man City;1;1;D;0;0;D;13;6;6;4;14;20;3;2;0;0;1;0
4901;Sunderland;Newcastle;1;1;D;0;0;D;16;9;10;5;17;22;4;8;5;4;0;0
4902;West Ham;Leeds;0;2;A;0;1;A;15;12;10;7;17;13;6;6;5;2;0;1
4904;Coventry;Liverpool;0;2;A;0;0;D;11;13;4;6;15;11;7;7;3;1;0;0
4905;Derby;Arsenal;1;2;A;1;1;D;6;14;2;9;14;13;4;6;3;4;0;0
4909;Middlesbrough;Man United;0;2;A;0;1;A;18;9;3;5;13;21;4;6;2;3;0;0
4911;Southampton;Sunderland;0;1;A;0;0;D;11;6;5;3;15;14;11;2;2;1;0;0
4912;Tottenham;Aston Villa;0;0;D;0;0;D;7;7;3;4;13;13;5;6;1;0;0;0
4914;Bradford;Liverpool;0;2;A;0;0;D;15;11;4;10;11;13;7;0;0;2;0;0
4915;Newcastle;Southampton;1;1;D;1;0;H;7;11;5;3;15;17;4;2;2;1;0;0
4918;Bradford;Middlesbrough;1;1;D;1;0;H;10;14;7;9;25;21;6;6;4;2;0;0
4922;Man United;Derby;0;1;A;0;1;A;11;10;6;5;13;11;13;1;1;0;0;0
4926;Liverpool;Chelsea;2;2;D;1;1;D;16;14;8;7;14;21;6;6;1;4;0;0
4929;Newcastle;Arsenal;0;0;D;0;0;D;12;8;2;1;14;10;4;8;1;0;0;0
4930;Charlton;Liverpool;0;4;A;0;0;D;12;16;10;14;7;13;10;10;1;1;0;0
4931;Coventry;Bradford;0;0;D;0;0;D;15;10;7;3;15;13;9;3;1;1;0;0
4932;Derby;Ipswich;1;1;D;1;0;H;7;13;2;6;14;15;3;11;1;1;0;0
4933;Everton;Sunderland;2;2;D;1;1;D;18;11;8;4;12;13;5;6;5;3;0;1
4935;Man City;Chelsea;1;2;A;1;1;D;3;9;1;3;22;18;8;7;4;2;0;0
4942;Coventry;Middlesbrough;1;3;A;1;1;D;6;16;3;9;15;21;8;4;5;3;1;0
4943;Derby;Southampton;2;2;D;1;2;A;6;13;4;6;11;13;5;8;1;1;0;0
4945;Leicester;Aston Villa;0;0;D;0;0;D;5;5;4;3;12;12;5;4;2;3;0;0
4952;Ipswich;Man United;1;1;D;1;1;D;13;15;8;6;10;7;4;6;1;4;0;0
4953;Middlesbrough;Tottenham;1;1;D;0;1;A;12;11;6;4;9;18;5;5;2;1;0;0
4957;Southampton;Coventry;1;2;A;0;1;A;12;7;4;5;18;20;6;5;5;3;0;0
4958;West Ham;Leicester;0;1;A;0;0;D;17;4;12;2;16;14;11;5;3;3;1;0
4960;Bradford;Leicester;0;0;D;0;0;D;8;13;4;8;11;12;6;8;1;2;0;0
4961;Everton;Derby;2;2;D;2;0;H;12;7;9;4;11;9;11;2;2;3;0;0
4963;Man City;Coventry;1;2;A;0;2;A;14;9;5;8;7;12;5;5;2;3;0;0
4964;Middlesbrough;Leeds;1;2;A;0;2;A;15;16;8;11;12;20;4;8;2;0;0;0
4966;Southampton;Liverpool;3;3;D;0;1;A;14;9;7;4;7;6;7;1;0;0;0;0
4967;West Ham;Man United;2;2;D;0;1;A;17;8;8;5;12;9;7;5;1;0;0;0
4968;Aston Villa;Chelsea;1;1;D;1;1;D;12;11;9;7;13;12;7;10;0;1;0;0
4969;Leeds;Man City;1;2;A;0;2;A;6;8;1;3;18;24;9;4;2;2;0;0
4971;Sunderland;West Ham;1;1;D;1;1;D;17;16;7;9;19;14;4;11;2;3;0;0
4973;Charlton;Southampton;1;1;D;0;0;D;8;11;6;3;14;16;10;14;3;3;1;0
4974;Chelsea;Arsenal;2;2;D;1;0;H;12;13;5;5;16;22;7;6;3;1;0;0
4975;Coventry;Newcastle;0;2;A;0;1;A;13;13;3;6;11;18;6;8;1;1;0;0
4976;Derby;Middlesbrough;3;3;D;0;1;A;9;5;5;4;8;10;11;5;3;2;0;0
4979;Bradford;Arsenal;1;1;D;1;0;H;9;18;5;11;17;13;4;10;0;2;0;0
4980;Coventry;Leeds;0;0;D;0;0;D;9;11;1;5;15;14;6;6;2;2;0;0
4981;Ipswich;Aston Villa;1;2;A;0;1;A;15;5;5;2;9;13;5;3;1;3;0;0
4985;Middlesbrough;Everton;1;2;A;1;0;H;9;12;5;9;16;5;7;7;3;0;0;0
4986;Newcastle;Chelsea;0;0;D;0;0;D;10;10;4;3;17;21;5;6;0;3;0;0
4987;Derby;Charlton;2;2;D;2;0;H;12;10;6;6;17;12;4;11;3;1;0;0
4992;Everton;Man United;1;3;A;0;3;A;6;17;4;9;10;11;6;5;4;1;0;0
4993;Leeds;Ipswich;1;2;A;1;1;D;11;12;6;7;12;19;6;3;1;3;0;0
4996;Chelsea;Leicester;0;2;A;0;1;A;16;7;10;5;16;17;15;3;3;1;0;0
4997;Man City;Middlesbrough;1;1;D;0;0;D;11;4;4;2;15;11;9;3;2;5;0;0
4998;West Ham;Liverpool;1;1;D;0;1;A;15;7;4;2;5;13;9;0;0;2;0;0
4999;Bradford;Southampton;0;1;A;0;1;A;14;6;6;4;14;18;7;5;3;1;0;0
5000;Coventry;West Ham;0;3;A;0;2;A;9;12;2;10;12;11;5;6;0;1;0;0
5001;Derby;Leeds;1;1;D;0;1;A;13;16;7;6;17;15;7;4;2;2;1;0
5002;Ipswich;Arsenal;1;1;D;0;0;D;17;10;6;4;8;13;4;7;1;2;0;0
5003;Liverpool;Sunderland;1;1;D;1;1;D;11;8;6;3;14;18;12;3;2;2;0;0
5004;Man United;Chelsea;3;3;D;3;2;H;11;13;5;5;15;19;8;4;3;2;0;0
5005;Middlesbrough;Aston Villa;1;1;D;0;0;D;12;15;5;7;7;14;5;5;3;0;0;0
5006;Newcastle;Charlton;0;1;A;0;1;A;12;4;5;2;14;10;4;7;1;2;0;0
5007;Tottenham;Man City;0;0;D;0;0;D;18;7;5;2;10;14;5;4;0;2;0;0
5008;Leicester;Everton;1;1;D;1;0;H;10;9;4;3;14;13;9;3;3;1;0;0
5010;Charlton;Coventry;2;2;D;0;1;A;12;10;8;6;8;16;6;6;1;2;0;0
5011;Everton;Ipswich;0;3;A;0;1;A;7;9;3;7;6;5;4;1;1;0;0;0
5013;Man City;Newcastle;0;1;A;0;0;D;9;15;7;9;16;12;10;8;0;1;0;0
5014;Southampton;Middlesbrough;1;3;A;0;2;A;16;7;8;5;6;22;6;6;2;2;0;0
5015;West Ham;Bradford;1;1;D;1;0;H;14;9;6;6;14;10;7;2;3;2;0;0
5018;Sunderland;Leicester;0;0;D;0;0;D;11;8;5;2;12;8;6;2;3;1;0;0
5021;Everton;Southampton;1;1;D;0;0;D;7;7;3;4;16;13;9;8;1;3;0;0
5022;Ipswich;West Ham;1;1;D;1;0;H;11;7;8;2;10;11;8;5;0;4;0;0
5024;Leicester;Man United;0;3;A;0;1;A;10;16;4;5;8;11;6;7;0;0;0;0
5027;Derby;Liverpool;0;4;A;0;1;A;6;16;0;11;18;13;4;3;1;1;0;0
5028;Middlesbrough;Newcastle;1;3;A;0;1;A;8;15;2;8;8;13;6;6;2;1;0;0
5029;Bradford;Ipswich;0;2;A;0;1;A;7;12;3;3;15;14;9;1;1;0;0;0
5034;Newcastle;Everton;0;1;A;0;0;D;11;9;4;4;9;12;5;4;1;3;0;0
5036;West Ham;Arsenal;1;2;A;0;2;A;11;13;3;5;15;11;5;4;1;0;0;0
5037;Aston Villa;Sunderland;0;0;D;0;0;D;17;7;4;3;11;17;7;3;1;3;0;0
5038;Southampton;Man City;0;2;A;0;1;A;19;11;6;4;10;15;9;3;1;2;0;0
5047;Bradford;Leeds;1;1;D;1;0;H;11;12;6;9;15;15;5;9;3;4;0;0
5050;Coventry;Man United;1;2;A;0;2;A;4;11;2;6;17;8;3;9;1;1;0;0
5052;Man City;Leicester;0;1;A;0;0;D;14;3;3;2;12;14;9;4;1;2;0;0
5053;Middlesbrough;Arsenal;0;1;A;0;1;A;4;11;3;8;10;11;5;8;1;1;1;0
5057;Everton;Aston Villa;0;1;A;0;0;D;14;4;6;1;17;23;6;2;3;2;0;0
5058;Derby;West Ham;0;0;D;0;0;D;14;6;2;6;14;18;6;1;1;1;0;0
5059;Arsenal;Derby;0;0;D;0;0;D;15;9;9;2;12;13;10;0;0;2;0;0
5061;Bradford;Everton;0;1;A;0;0;D;11;9;6;4;8;18;3;3;1;2;0;0
5063;Leicester;Newcastle;1;1;D;0;0;D;8;7;4;1;7;8;0;3;1;1;0;0
5065;Sunderland;Southampton;2;2;D;1;1;D;11;10;5;5;13;21;7;4;1;1;0;0
5067;Chelsea;Leeds;1;1;D;0;0;D;12;11;7;3;19;24;3;2;4;4;0;0
5072;Leeds;West Ham;0;1;A;0;1;A;15;4;6;3;14;19;2;2;1;1;0;0
5073;Man City;Man United;0;1;A;0;1;A;10;8;4;4;13;8;10;11;3;1;0;0
5074;Middlesbrough;Leicester;0;3;A;0;2;A;11;9;4;7;8;12;6;2;3;1;0;0
5075;Newcastle;Sunderland;1;2;A;1;0;H;19;9;9;6;17;26;1;4;1;3;0;0
5078;Coventry;Ipswich;0;1;A;0;0;D;12;10;5;4;10;12;5;5;1;1;0;0
5079;Charlton;Sunderland;0;1;A;0;0;D;10;8;2;3;16;16;7;8;0;1;0;0
5080;Coventry;Aston Villa;1;1;D;0;1;A;10;7;2;4;9;19;6;1;1;2;0;0
5081;Derby;Man United;0;3;A;0;0;D;1;12;0;7;12;12;3;9;2;1;0;0
5083;Man City;Ipswich;2;3;A;0;2;A;9;11;4;4;8;5;6;5;0;2;0;0
5084;Middlesbrough;Bradford;2;2;D;0;2;A;14;9;9;5;17;18;6;4;0;2;1;0
5085;Southampton;West Ham;2;3;A;1;2;A;10;14;5;8;12;10;6;10;1;2;0;0
5090;Aston Villa;Newcastle;1;1;D;1;0;H;8;9;4;5;11;12;8;2;2;1;0;0
5092;Ipswich;Derby;0;1;A;0;1;A;11;3;5;3;13;13;6;1;1;1;0;0
5100;Bradford;Tottenham;3;3;D;1;2;A;13;6;6;4;6;16;7;2;2;0;0;0
5101;Charlton;Man United;3;3;D;1;2;A;15;15;8;8;6;10;9;6;0;1;0;0
5106;West Ham;Aston Villa;1;1;D;1;1;D;13;15;5;4;14;15;4;4;1;3;0;0
5108;Liverpool;Ipswich;0;1;A;0;1;A;14;11;5;6;12;14;8;5;1;3;0;0
5109;Aston Villa;Man City;2;2;D;0;0;D;10;9;5;4;8;16;5;4;2;1;1;0
5111;Everton;West Ham;1;1;D;0;0;D;15;9;5;4;10;7;9;7;1;2;0;0
5117;Man United;Liverpool;0;1;A;0;1;A;6;9;4;4;10;11;9;2;1;0;1;0
5118;Tottenham;Arsenal;1;1;D;1;0;H;8;17;4;10;20;14;3;7;2;1;0;0
5119;Coventry;Southampton;1;1;D;1;0;H;12;10;5;2;12;13;8;6;1;1;0;0
5123;Leeds;Aston Villa;1;2;A;0;1;A;15;8;5;5;18;18;10;2;1;4;0;0
5128;Tottenham;Middlesbrough;0;0;D;0;0;D;16;5;8;0;22;13;8;4;2;3;0;0
5130;Aston Villa;Man United;0;1;A;0;0;D;6;14;3;3;15;16;2;4;1;2;0;0
5131;Bradford;Sunderland;1;4;A;0;1;A;11;16;3;11;17;17;9;8;2;0;0;0
5132;Everton;Coventry;1;2;A;0;0;D;17;10;9;5;14;16;5;2;2;1;0;0
5133;Ipswich;Chelsea;2;2;D;1;2;A;19;7;13;4;5;9;8;2;0;4;0;0
5134;Man City;Derby;0;0;D;0;0;D;15;14;7;3;15;14;7;7;2;2;0;0
5139;Arsenal;Sunderland;2;2;D;2;0;H;17;14;9;7;14;18;11;1;0;3;0;0
5141;Man City;Charlton;1;4;A;0;2;A;8;13;1;8;11;14;7;4;1;2;0;0
5142;Middlesbrough;Coventry;1;1;D;0;1;A;14;9;6;3;9;16;4;3;1;3;0;0
5143;Newcastle;Man United;1;1;D;0;1;A;14;8;4;6;13;10;6;3;2;3;0;0
5147;Coventry;Man City;1;1;D;0;0;D;19;10;9;5;16;15;12;8;1;2;0;0
5149;Leeds;Middlesbrough;1;1;D;0;1;A;16;5;5;3;14;15;5;1;2;3;0;0
5150;Leicester;Bradford;1;2;A;1;2;A;9;8;3;4;11;14;5;3;0;3;0;0
5155;Arsenal;Chelsea;1;1;D;1;0;H;15;12;8;8;13;15;10;3;1;4;0;0
5156;Aston Villa;Liverpool;0;3;A;0;2;A;5;12;1;6;7;10;1;4;2;0;0;0
5157;Bradford;Man United;0;3;A;0;0;D;9;20;3;11;11;11;1;9;1;0;0;0
5158;Everton;Tottenham;0;0;D;0;0;D;17;4;8;1;11;15;9;0;1;0;0;0
5159;Man City;Leeds;0;4;A;0;1;A;5;10;3;6;23;17;4;5;5;3;0;0
5162;Southampton;Charlton;0;0;D;0;0;D;17;10;6;4;8;12;9;3;0;0;0;0
5163;West Ham;Sunderland;0;2;A;0;1;A;13;7;6;5;20;21;9;6;4;2;0;0
5166;Coventry;Everton;1;3;A;0;3;A;9;8;5;4;9;22;15;3;0;1;0;0
5167;Derby;Man City;1;1;D;0;0;D;9;10;3;4;17;22;5;4;2;2;0;0
5168;Leeds;Newcastle;1;3;A;1;2;A;12;11;5;7;12;18;16;1;2;1;0;0
5169;Leicester;Arsenal;0;0;D;0;0;D;3;13;0;4;6;8;1;9;2;2;1;0
5170;Liverpool;Middlesbrough;0;0;D;0;0;D;22;4;7;2;9;10;7;3;1;1;0;0
5172;Tottenham;Southampton;0;0;D;0;0;D;9;9;4;6;10;15;6;0;0;1;0;0
5173;Sunderland;Bradford;0;0;D;0;0;D;14;7;6;3;10;13;8;7;0;1;0;0
5174;Charlton;West Ham;1;1;D;1;0;H;9;18;3;3;11;8;0;5;0;1;0;0
5175;Aston Villa;Leeds;1;2;A;1;1;D;12;7;4;3;11;10;5;3;2;0;0;0
5179;Everton;Middlesbrough;2;2;D;0;1;A;17;6;8;3;17;12;9;1;1;5;0;0
5181;Man City;Liverpool;1;1;D;0;1;A;4;16;2;3;17;13;5;11;1;1;0;0
5183;Sunderland;Man United;0;1;A;0;0;D;9;13;2;7;15;13;3;2;2;0;2;1
5184;West Ham;Tottenham;0;0;D;0;0;D;17;14;6;6;9;16;9;4;1;1;0;0
5185;Bradford;Aston Villa;0;3;A;0;0;D;9;13;2;6;14;14;3;4;2;0;0;0
5186;Coventry;Arsenal;0;1;A;0;0;D;12;8;4;6;13;14;3;7;3;4;0;0
5188;Ipswich;Leeds;1;2;A;0;2;A;11;10;6;3;10;15;3;4;1;2;1;0
5192;Middlesbrough;Man City;1;1;D;0;1;A;14;6;6;3;12;14;4;2;0;2;1;0
5193;Tottenham;Charlton;0;0;D;0;0;D;9;7;3;2;17;14;2;3;2;0;0;0
5194;Everton;Leeds;2;2;D;1;0;H;7;9;4;5;18;18;4;7;2;1;0;0
5196;Aston Villa;Middlesbrough;1;1;D;1;0;H;15;6;4;3;11;11;7;4;1;1;0;0
5197;Chelsea;Man United;1;1;D;1;0;H;8;16;4;6;16;12;3;8;0;2;0;0
5199;Leeds;Derby;0;0;D;0;0;D;12;3;6;2;11;17;17;4;2;5;0;0
5200;Man City;Tottenham;0;1;A;0;0;D;11;11;4;4;17;10;7;3;1;0;0;0
5202;Sunderland;Liverpool;1;1;D;0;0;D;9;8;6;4;15;25;9;6;5;3;0;0
5204;West Ham;Coventry;1;1;D;0;0;D;21;13;9;4;13;16;5;4;2;5;0;0
5205;Bradford;West Ham;1;2;A;0;1;A;15;11;5;5;9;10;7;1;1;2;0;0
5206;Coventry;Charlton;2;2;D;1;1;D;17;15;7;7;15;11;3;7;0;0;0;0
5210;Middlesbrough;Southampton;0;1;A;0;0;D;11;10;6;5;9;9;3;6;1;0;0;0
5211;Newcastle;Man City;0;1;A;0;0;D;10;11;3;3;18;11;5;5;1;0;0;0
5212;Tottenham;Leeds;1;2;A;1;1;D;13;15;4;9;16;14;5;12;2;1;0;0
5215;Coventry;Chelsea;0;0;D;0;0;D;17;24;10;11;13;15;5;8;2;2;0;0
5217;Everton;Newcastle;1;1;D;0;0;D;16;4;6;2;13;12;4;1;1;2;0;0
5218;Leeds;Man United;1;1;D;0;0;D;18;5;10;5;25;21;14;3;3;5;0;0
5220;Man City;Southampton;0;1;A;0;0;D;15;6;7;1;15;15;5;6;1;1;0;0
5221;Middlesbrough;Charlton;0;0;D;0;0;D;8;11;2;8;13;12;4;5;1;1;0;0
5223;Sunderland;Aston Villa;1;1;D;0;0;D;18;6;12;2;17;18;5;3;1;2;0;0
5224;West Ham;Chelsea;0;2;A;0;2;A;7;17;2;6;12;9;1;0;2;2;0;0
5226;Bradford;Man City;2;2;D;0;1;A;16;10;7;3;13;12;3;3;2;1;0;0
5227;Charlton;Leeds;1;2;A;1;1;D;7;7;3;5;19;13;2;5;3;5;0;0
5228;Chelsea;Sunderland;2;4;A;2;1;H;14;11;6;7;15;26;4;5;0;0;0;0
5230;Newcastle;Middlesbrough;1;2;A;0;2;A;16;7;5;4;14;19;5;1;0;3;0;1
5233;West Ham;Ipswich;0;1;A;0;0;D;5;13;2;5;14;8;4;5;0;0;0;0
5234;Aston Villa;Arsenal;0;0;D;0;0;D;4;14;2;5;16;13;3;3;2;2;0;1
5235;Liverpool;Derby;1;1;D;0;1;A;18;7;8;4;11;9;9;3;2;2;0;0
5237;Bradford;Newcastle;2;2;D;2;1;H;22;14;8;7;17;23;10;8;0;1;0;0
5241;Man City;Aston Villa;1;3;A;1;2;A;12;8;6;7;18;13;9;2;6;4;1;0
5242;Sunderland;Leeds;0;2;A;0;1;A;14;7;8;4;17;10;8;4;2;2;0;1
5243;West Ham;Everton;0;2;A;0;1;A;17;10;6;7;16;16;8;2;3;2;1;0
5245;Southampton;Ipswich;0;3;A;0;1;A;11;11;3;5;17;15;6;7;2;1;0;0
5247;Aston Villa;West Ham;2;2;D;0;0;D;6;7;4;5;5;3;5;3;1;3;0;0
5248;Derby;Chelsea;0;4;A;0;0;D;3;10;2;7;13;7;1;9;1;1;0;0
5250;Leicester;Coventry;1;3;A;1;2;A;9;15;4;5;9;19;4;9;3;2;0;0
5252;Middlesbrough;Sunderland;0;0;D;0;0;D;12;12;6;4;22;22;3;2;5;3;1;0
5253;Ipswich;Liverpool;1;1;D;0;0;D;8;7;5;2;10;15;6;1;0;0;0;0
5256;Man City;Arsenal;0;4;A;0;4;A;7;15;2;8;10;8;7;3;2;0;0;0
5258;Liverpool;Leeds;1;2;A;0;2;A;11;9;5;3;19;16;8;2;3;1;1;0
5259;Arsenal;Middlesbrough;0;3;A;0;2;A;17;6;8;2;13;11;9;0;1;1;0;0
5263;Leicester;Man City;1;2;A;1;1;D;15;8;9;3;13;26;5;1;2;3;0;0
5265;Sunderland;Tottenham;2;3;A;2;0;H;13;8;4;6;12;15;3;3;1;2;0;0
5269;Everton;Liverpool;2;3;A;1;1;D;10;10;7;6;19;15;2;5;4;2;1;0
5270;Middlesbrough;Ipswich;1;2;A;1;0;H;4;12;1;5;8;8;5;4;0;0;0;0
5272;Charlton;Aston Villa;3;3;D;2;0;H;12;11;5;8;10;15;5;7;3;4;1;0
5273;Tottenham;Chelsea;0;3;A;0;1;A;5;16;1;10;14;11;2;5;2;2;1;0
5275;Aston Villa;Southampton;0;0;D;0;0;D;9;3;2;3;10;15;4;5;1;2;0;0
5277;Chelsea;Charlton;0;1;A;0;1;A;9;4;1;2;12;14;10;3;3;0;0;0
5279;Leicester;Middlesbrough;0;3;A;0;1;A;15;15;4;7;13;11;12;5;3;1;0;0
5280;Man United;Man City;1;1;D;0;0;D;13;6;6;4;14;20;3;2;0;0;1;0
5281;Sunderland;Newcastle;1;1;D;0;0;D;16;9;10;5;17;22;4;8;5;4;0;0
5282;West Ham;Leeds;0;2;A;0;1;A;15;12;10;7;17;13;6;6;5;2;0;1
5284;Coventry;Liverpool;0;2;A;0;0;D;11;13;4;6;15;11;7;7;3;1;0;0
5285;Derby;Arsenal;1;2;A;1;1;D;6;14;2;9;14;13;4;6;3;4;0;0
5289;Middlesbrough;Man United;0;2;A;0;1;A;18;9;3;5;13;21;4;6;2;3;0;0
5291;Southampton;Sunderland;0;1;A;0;0;D;11;6;5;3;15;14;11;2;2;1;0;0
5292;Tottenham;Aston Villa;0;0;D;0;0;D;7;7;3;4;13;13;5;6;1;0;0;0
5294;Bradford;Liverpool;0;2;A;0;0;D;15;11;4;10;11;13;7;0;0;2;0;0
5295;Newcastle;Southampton;1;1;D;1;0;H;7;11;5;3;15;17;4;2;2;1;0;0
5298;Bradford;Middlesbrough;1;1;D;1;0;H;10;14;7;9;25;21;6;6;4;2;0;0
5302;Man United;Derby;0;1;A;0;1;A;11;10;6;5;13;11;13;1;1;0;0;0
5306;Liverpool;Chelsea;2;2;D;1;1;D;16;14;8;7;14;21;6;6;1;4;0;0
5309;Newcastle;Arsenal;0;0;D;0;0;D;12;8;2;1;14;10;4;8;1;0;0;0
5310;Charlton;Liverpool;0;4;A;0;0;D;12;16;10;14;7;13;10;10;1;1;0;0
5311;Coventry;Bradford;0;0;D;0;0;D;15;10;7;3;15;13;9;3;1;1;0;0
5312;Derby;Ipswich;1;1;D;1;0;H;7;13;2;6;14;15;3;11;1;1;0;0
5313;Everton;Sunderland;2;2;D;1;1;D;18;11;8;4;12;13;5;6;5;3;0;1
5315;Man City;Chelsea;1;2;A;1;1;D;3;9;1;3;22;18;8;7;4;2;0;0
5322;Coventry;Middlesbrough;1;3;A;1;1;D;6;16;3;9;15;21;8;4;5;3;1;0
5323;Derby;Southampton;2;2;D;1;2;A;6;13;4;6;11;13;5;8;1;1;0;0
5325;Leicester;Aston Villa;0;0;D;0;0;D;5;5;4;3;12;12;5;4;2;3;0;0
5332;Ipswich;Man United;1;1;D;1;1;D;13;15;8;6;10;7;4;6;1;4;0;0
5333;Middlesbrough;Tottenham;1;1;D;0;1;A;12;11;6;4;9;18;5;5;2;1;0;0
5337;Southampton;Coventry;1;2;A;0;1;A;12;7;4;5;18;20;6;5;5;3;0;0
5338;West Ham;Leicester;0;1;A;0;0;D;17;4;12;2;16;14;11;5;3;3;1;0
5340;Bradford;Leicester;0;0;D;0;0;D;8;13;4;8;11;12;6;8;1;2;0;0
5341;Everton;Derby;2;2;D;2;0;H;12;7;9;4;11;9;11;2;2;3;0;0
5343;Man City;Coventry;1;2;A;0;2;A;14;9;5;8;7;12;5;5;2;3;0;0
5344;Middlesbrough;Leeds;1;2;A;0;2;A;15;16;8;11;12;20;4;8;2;0;0;0
5346;Southampton;Liverpool;3;3;D;0;1;A;14;9;7;4;7;6;7;1;0;0;0;0
5347;West Ham;Man United;2;2;D;0;1;A;17;8;8;5;12;9;7;5;1;0;0;0
5348;Aston Villa;Chelsea;1;1;D;1;1;D;12;11;9;7;13;12;7;10;0;1;0;0
5349;Leeds;Man City;1;2;A;0;2;A;6;8;1;3;18;24;9;4;2;2;0;0
5351;Sunderland;West Ham;1;1;D;1;1;D;17;16;7;9;19;14;4;11;2;3;0;0
5353;Charlton;Southampton;1;1;D;0;0;D;8;11;6;3;14;16;10;14;3;3;1;0
5354;Chelsea;Arsenal;2;2;D;1;0;H;12;13;5;5;16;22;7;6;3;1;0;0
5355;Coventry;Newcastle;0;2;A;0;1;A;13;13;3;6;11;18;6;8;1;1;0;0
5356;Derby;Middlesbrough;3;3;D;0;1;A;9;5;5;4;8;10;11;5;3;2;0;0
5359;Bradford;Arsenal;1;1;D;1;0;H;9;18;5;11;17;13;4;10;0;2;0;0
5360;Coventry;Leeds;0;0;D;0;0;D;9;11;1;5;15;14;6;6;2;2;0;0
5361;Ipswich;Aston Villa;1;2;A;0;1;A;15;5;5;2;9;13;5;3;1;3;0;0
5365;Middlesbrough;Everton;1;2;A;1;0;H;9;12;5;9;16;5;7;7;3;0;0;0
5366;Newcastle;Chelsea;0;0;D;0;0;D;10;10;4;3;17;21;5;6;0;3;0;0
5367;Derby;Charlton;2;2;D;2;0;H;12;10;6;6;17;12;4;11;3;1;0;0
5372;Everton;Man United;1;3;A;0;3;A;6;17;4;9;10;11;6;5;4;1;0;0
5373;Leeds;Ipswich;1;2;A;1;1;D;11;12;6;7;12;19;6;3;1;3;0;0
5376;Chelsea;Leicester;0;2;A;0;1;A;16;7;10;5;16;17;15;3;3;1;0;0
5377;Man City;Middlesbrough;1;1;D;0;0;D;11;4;4;2;15;11;9;3;2;5;0;0
5378;West Ham;Liverpool;1;1;D;0;1;A;15;7;4;2;5;13;9;0;0;2;0;0
5379;Bradford;Southampton;0;1;A;0;1;A;14;6;6;4;14;18;7;5;3;1;0;0
5380;Coventry;West Ham;0;3;A;0;2;A;9;12;2;10;12;11;5;6;0;1;0;0
5381;Derby;Leeds;1;1;D;0;1;A;13;16;7;6;17;15;7;4;2;2;1;0
5382;Ipswich;Arsenal;1;1;D;0;0;D;17;10;6;4;8;13;4;7;1;2;0;0
5383;Liverpool;Sunderland;1;1;D;1;1;D;11;8;6;3;14;18;12;3;2;2;0;0
5384;Man United;Chelsea;3;3;D;3;2;H;11;13;5;5;15;19;8;4;3;2;0;0
5385;Middlesbrough;Aston Villa;1;1;D;0;0;D;12;15;5;7;7;14;5;5;3;0;0;0
5386;Newcastle;Charlton;0;1;A;0;1;A;12;4;5;2;14;10;4;7;1;2;0;0
5387;Tottenham;Man City;0;0;D;0;0;D;18;7;5;2;10;14;5;4;0;2;0;0
5388;Leicester;Everton;1;1;D;1;0;H;10;9;4;3;14;13;9;3;3;1;0;0
5390;Charlton;Coventry;2;2;D;0;1;A;12;10;8;6;8;16;6;6;1;2;0;0
5391;Everton;Ipswich;0;3;A;0;1;A;7;9;3;7;6;5;4;1;1;0;0;0
5393;Man City;Newcastle;0;1;A;0;0;D;9;15;7;9;16;12;10;8;0;1;0;0
5394;Southampton;Middlesbrough;1;3;A;0;2;A;16;7;8;5;6;22;6;6;2;2;0;0
5395;West Ham;Bradford;1;1;D;1;0;H;14;9;6;6;14;10;7;2;3;2;0;0
5398;Sunderland;Leicester;0;0;D;0;0;D;11;8;5;2;12;8;6;2;3;1;0;0
5401;Everton;Southampton;1;1;D;0;0;D;7;7;3;4;16;13;9;8;1;3;0;0
5402;Ipswich;West Ham;1;1;D;1;0;H;11;7;8;2;10;11;8;5;0;4;0;0
5404;Leicester;Man United;0;3;A;0;1;A;10;16;4;5;8;11;6;7;0;0;0;0
5407;Derby;Liverpool;0;4;A;0;1;A;6;16;0;11;18;13;4;3;1;1;0;0
5408;Middlesbrough;Newcastle;1;3;A;0;1;A;8;15;2;8;8;13;6;6;2;1;0;0
5409;Bradford;Ipswich;0;2;A;0;1;A;7;12;3;3;15;14;9;1;1;0;0;0
5414;Newcastle;Everton;0;1;A;0;0;D;11;9;4;4;9;12;5;4;1;3;0;0
5416;West Ham;Arsenal;1;2;A;0;2;A;11;13;3;5;15;11;5;4;1;0;0;0
5417;Aston Villa;Sunderland;0;0;D;0;0;D;17;7;4;3;11;17;7;3;1;3;0;0
5418;Southampton;Man City;0;2;A;0;1;A;19;11;6;4;10;15;9;3;1;2;0;0
5427;Bradford;Leeds;1;1;D;1;0;H;11;12;6;9;15;15;5;9;3;4;0;0
5430;Coventry;Man United;1;2;A;0;2;A;4;11;2;6;17;8;3;9;1;1;0;0
5432;Man City;Leicester;0;1;A;0;0;D;14;3;3;2;12;14;9;4;1;2;0;0
5433;Middlesbrough;Arsenal;0;1;A;0;1;A;4;11;3;8;10;11;5;8;1;1;1;0
5437;Everton;Aston Villa;0;1;A;0;0;D;14;4;6;1;17;23;6;2;3;2;0;0
5438;Derby;West Ham;0;0;D;0;0;D;14;6;2;6;14;18;6;1;1;1;0;0
5439;Arsenal;Derby;0;0;D;0;0;D;15;9;9;2;12;13;10;0;0;2;0;0
5441;Bradford;Everton;0;1;A;0;0;D;11;9;6;4;8;18;3;3;1;2;0;0
5443;Leicester;Newcastle;1;1;D;0;0;D;8;7;4;1;7;8;0;3;1;1;0;0
5445;Sunderland;Southampton;2;2;D;1;1;D;11;10;5;5;13;21;7;4;1;1;0;0
5447;Chelsea;Leeds;1;1;D;0;0;D;12;11;7;3;19;24;3;2;4;4;0;0
5452;Leeds;West Ham;0;1;A;0;1;A;15;4;6;3;14;19;2;2;1;1;0;0
5453;Man City;Man United;0;1;A;0;1;A;10;8;4;4;13;8;10;11;3;1;0;0
5454;Middlesbrough;Leicester;0;3;A;0;2;A;11;9;4;7;8;12;6;2;3;1;0;0
5455;Newcastle;Sunderland;1;2;A;1;0;H;19;9;9;6;17;26;1;4;1;3;0;0
5458;Coventry;Ipswich;0;1;A;0;0;D;12;10;5;4;10;12;5;5;1;1;0;0
5459;Charlton;Sunderland;0;1;A;0;0;D;10;8;2;3;16;16;7;8;0;1;0;0
5460;Coventry;Aston Villa;1;1;D;0;1;A;10;7;2;4;9;19;6;1;1;2;0;0
5461;Derby;Man United;0;3;A;0;0;D;1;12;0;7;12;12;3;9;2;1;0;0
5463;Man City;Ipswich;2;3;A;0;2;A;9;11;4;4;8;5;6;5;0;2;0;0
5464;Middlesbrough;Bradford;2;2;D;0;2;A;14;9;9;5;17;18;6;4;0;2;1;0
5465;Southampton;West Ham;2;3;A;1;2;A;10;14;5;8;12;10;6;10;1;2;0;0
5470;Aston Villa;Newcastle;1;1;D;1;0;H;8;9;4;5;11;12;8;2;2;1;0;0
5472;Ipswich;Derby;0;1;A;0;1;A;11;3;5;3;13;13;6;1;1;1;0;0
5480;Bradford;Tottenham;3;3;D;1;2;A;13;6;6;4;6;16;7;2;2;0;0;0
5481;Charlton;Man United;3;3;D;1;2;A;15;15;8;8;6;10;9;6;0;1;0;0
5486;West Ham;Aston Villa;1;1;D;1;1;D;13;15;5;4;14;15;4;4;1;3;0;0
5488;Liverpool;Ipswich;0;1;A;0;1;A;14;11;5;6;12;14;8;5;1;3;0;0
5489;Aston Villa;Man City;2;2;D;0;0;D;10;9;5;4;8;16;5;4;2;1;1;0
5491;Everton;West Ham;1;1;D;0;0;D;15;9;5;4;10;7;9;7;1;2;0;0
5497;Man United;Liverpool;0;1;A;0;1;A;6;9;4;4;10;11;9;2;1;0;1;0
5498;Tottenham;Arsenal;1;1;D;1;0;H;8;17;4;10;20;14;3;7;2;1;0;0
5499;Coventry;Southampton;1;1;D;1;0;H;12;10;5;2;12;13;8;6;1;1;0;0
5503;Leeds;Aston Villa;1;2;A;0;1;A;15;8;5;5;18;18;10;2;1;4;0;0
5508;Tottenham;Middlesbrough;0;0;D;0;0;D;16;5;8;0;22;13;8;4;2;3;0;0
5510;Aston Villa;Man United;0;1;A;0;0;D;6;14;3;3;15;16;2;4;1;2;0;0
5511;Bradford;Sunderland;1;4;A;0;1;A;11;16;3;11;17;17;9;8;2;0;0;0
5512;Everton;Coventry;1;2;A;0;0;D;17;10;9;5;14;16;5;2;2;1;0;0
5513;Ipswich;Chelsea;2;2;D;1;2;A;19;7;13;4;5;9;8;2;0;4;0;0
5514;Man City;Derby;0;0;D;0;0;D;15;14;7;3;15;14;7;7;2;2;0;0
5519;Arsenal;Sunderland;2;2;D;2;0;H;17;14;9;7;14;18;11;1;0;3;0;0
5521;Man City;Charlton;1;4;A;0;2;A;8;13;1;8;11;14;7;4;1;2;0;0
5522;Middlesbrough;Coventry;1;1;D;0;1;A;14;9;6;3;9;16;4;3;1;3;0;0
5523;Newcastle;Man United;1;1;D;0;1;A;14;8;4;6;13;10;6;3;2;3;0;0
5527;Coventry;Man City;1;1;D;0;0;D;19;10;9;5;16;15;12;8;1;2;0;0
5529;Leeds;Middlesbrough;1;1;D;0;1;A;16;5;5;3;14;15;5;1;2;3;0;0
5530;Leicester;Bradford;1;2;A;1;2;A;9;8;3;4;11;14;5;3;0;3;0;0
5535;Arsenal;Chelsea;1;1;D;1;0;H;15;12;8;8;13;15;10;3;1;4;0;0
5536;Aston Villa;Liverpool;0;3;A;0;2;A;5;12;1;6;7;10;1;4;2;0;0;0
5537;Bradford;Man United;0;3;A;0;0;D;9;20;3;11;11;11;1;9;1;0;0;0
5538;Everton;Tottenham;0;0;D;0;0;D;17;4;8;1;11;15;9;0;1;0;0;0
5539;Man City;Leeds;0;4;A;0;1;A;5;10;3;6;23;17;4;5;5;3;0;0
5542;Southampton;Charlton;0;0;D;0;0;D;17;10;6;4;8;12;9;3;0;0;0;0
5543;West Ham;Sunderland;0;2;A;0;1;A;13;7;6;5;20;21;9;6;4;2;0;0
5546;Coventry;Everton;1;3;A;0;3;A;9;8;5;4;9;22;15;3;0;1;0;0
5547;Derby;Man City;1;1;D;0;0;D;9;10;3;4;17;22;5;4;2;2;0;0
5548;Leeds;Newcastle;1;3;A;1;2;A;12;11;5;7;12;18;16;1;2;1;0;0
5549;Leicester;Arsenal;0;0;D;0;0;D;3;13;0;4;6;8;1;9;2;2;1;0
5550;Liverpool;Middlesbrough;0;0;D;0;0;D;22;4;7;2;9;10;7;3;1;1;0;0
5552;Tottenham;Southampton;0;0;D;0;0;D;9;9;4;6;10;15;6;0;0;1;0;0
5553;Sunderland;Bradford;0;0;D;0;0;D;14;7;6;3;10;13;8;7;0;1;0;0
5554;Charlton;West Ham;1;1;D;1;0;H;9;18;3;3;11;8;0;5;0;1;0;0
5555;Aston Villa;Leeds;1;2;A;1;1;D;12;7;4;3;11;10;5;3;2;0;0;0
5559;Everton;Middlesbrough;2;2;D;0;1;A;17;6;8;3;17;12;9;1;1;5;0;0
5561;Man City;Liverpool;1;1;D;0;1;A;4;16;2;3;17;13;5;11;1;1;0;0
5563;Sunderland;Man United;0;1;A;0;0;D;9;13;2;7;15;13;3;2;2;0;2;1
5564;West Ham;Tottenham;0;0;D;0;0;D;17;14;6;6;9;16;9;4;1;1;0;0
5565;Bradford;Aston Villa;0;3;A;0;0;D;9;13;2;6;14;14;3;4;2;0;0;0
5566;Coventry;Arsenal;0;1;A;0;0;D;12;8;4;6;13;14;3;7;3;4;0;0
5568;Ipswich;Leeds;1;2;A;0;2;A;11;10;6;3;10;15;3;4;1;2;1;0
5572;Middlesbrough;Man City;1;1;D;0;1;A;14;6;6;3;12;14;4;2;0;2;1;0
5573;Tottenham;Charlton;0;0;D;0;0;D;9;7;3;2;17;14;2;3;2;0;0;0
5574;Everton;Leeds;2;2;D;1;0;H;7;9;4;5;18;18;4;7;2;1;0;0
5576;Aston Villa;Middlesbrough;1;1;D;1;0;H;15;6;4;3;11;11;7;4;1;1;0;0
5577;Chelsea;Man United;1;1;D;1;0;H;8;16;4;6;16;12;3;8;0;2;0;0
5579;Leeds;Derby;0;0;D;0;0;D;12;3;6;2;11;17;17;4;2;5;0;0
5580;Man City;Tottenham;0;1;A;0;0;D;11;11;4;4;17;10;7;3;1;0;0;0
5582;Sunderland;Liverpool;1;1;D;0;0;D;9;8;6;4;15;25;9;6;5;3;0;0
5584;West Ham;Coventry;1;1;D;0;0;D;21;13;9;4;13;16;5;4;2;5;0;0
5585;Bradford;West Ham;1;2;A;0;1;A;15;11;5;5;9;10;7;1;1;2;0;0
5586;Coventry;Charlton;2;2;D;1;1;D;17;15;7;7;15;11;3;7;0;0;0;0
5590;Middlesbrough;Southampton;0;1;A;0;0;D;11;10;6;5;9;9;3;6;1;0;0;0
5591;Newcastle;Man City;0;1;A;0;0;D;10;11;3;3;18;11;5;5;1;0;0;0
5592;Tottenham;Leeds;1;2;A;1;1;D;13;15;4;9;16;14;5;12;2;1;0;0
5595;Coventry;Chelsea;0;0;D;0;0;D;17;24;10;11;13;15;5;8;2;2;0;0
5597;Everton;Newcastle;1;1;D;0;0;D;16;4;6;2;13;12;4;1;1;2;0;0
5598;Leeds;Man United;1;1;D;0;0;D;18;5;10;5;25;21;14;3;3;5;0;0
5600;Man City;Southampton;0;1;A;0;0;D;15;6;7;1;15;15;5;6;1;1;0;0
5601;Middlesbrough;Charlton;0;0;D;0;0;D;8;11;2;8;13;12;4;5;1;1;0;0
5603;Sunderland;Aston Villa;1;1;D;0;0;D;18;6;12;2;17;18;5;3;1;2;0;0
5604;West Ham;Chelsea;0;2;A;0;2;A;7;17;2;6;12;9;1;0;2;2;0;0
5606;Bradford;Man City;2;2;D;0;1;A;16;10;7;3;13;12;3;3;2;1;0;0
5607;Charlton;Leeds;1;2;A;1;1;D;7;7;3;5;19;13;2;5;3;5;0;0
5608;Chelsea;Sunderland;2;4;A;2;1;H;14;11;6;7;15;26;4;5;0;0;0;0
5610;Newcastle;Middlesbrough;1;2;A;0;2;A;16;7;5;4;14;19;5;1;0;3;0;1
5613;West Ham;Ipswich;0;1;A;0;0;D;5;13;2;5;14;8;4;5;0;0;0;0
5614;Aston Villa;Arsenal;0;0;D;0;0;D;4;14;2;5;16;13;3;3;2;2;0;1
5615;Liverpool;Derby;1;1;D;0;1;A;18;7;8;4;11;9;9;3;2;2;0;0
5617;Bradford;Newcastle;2;2;D;2;1;H;22;14;8;7;17;23;10;8;0;1;0;0
5621;Man City;Aston Villa;1;3;A;1;2;A;12;8;6;7;18;13;9;2;6;4;1;0
5622;Sunderland;Leeds;0;2;A;0;1;A;14;7;8;4;17;10;8;4;2;2;0;1
5623;West Ham;Everton;0;2;A;0;1;A;17;10;6;7;16;16;8;2;3;2;1;0
5625;Southampton;Ipswich;0;3;A;0;1;A;11;11;3;5;17;15;6;7;2;1;0;0
5628;Derby;Chelsea;0;4;A;0;0;D;3;10;2;7;13;7;1;9;1;1;0;0
5630;Leicester;Coventry;1;3;A;1;2;A;9;15;4;5;9;19;4;9;3;2;0;0
5636;Man City;Arsenal;0;4;A;0;4;A;7;15;2;8;10;8;7;3;2;0;0;0
5638;Liverpool;Leeds;1;2;A;0;2;A;11;9;5;3;19;16;8;2;3;1;1;0
5639;Arsenal;Middlesbrough;0;3;A;0;2;A;17;6;8;2;13;11;9;0;1;1;0;0
5643;Leicester;Man City;1;2;A;1;1;D;15;8;9;3;13;26;5;1;2;3;0;0
5645;Sunderland;Tottenham;2;3;A;2;0;H;13;8;4;6;12;15;3;3;1;2;0;0
5649;Everton;Liverpool;2;3;A;1;1;D;10;10;7;6;19;15;2;5;4;2;1;0
5650;Middlesbrough;Ipswich;1;2;A;1;0;H;4;12;1;5;8;8;5;4;0;0;0;0
5653;Tottenham;Chelsea;0;3;A;0;1;A;5;16;1;10;14;11;2;5;2;2;1;0
5657;Chelsea;Charlton;0;1;A;0;1;A;9;4;1;2;12;14;10;3;3;0;0;0
5659;Leicester;Middlesbrough;0;3;A;0;1;A;15;15;4;7;13;11;12;5;3;1;0;0
5662;West Ham;Leeds;0;2;A;0;1;A;15;12;10;7;17;13;6;6;5;2;0;1
5664;Coventry;Liverpool;0;2;A;0;0;D;11;13;4;6;15;11;7;7;3;1;0;0
5665;Derby;Arsenal;1;2;A;1;1;D;6;14;2;9;14;13;4;6;3;4;0;0
5669;Middlesbrough;Man United;0;2;A;0;1;A;18;9;3;5;13;21;4;6;2;3;0;0
5671;Southampton;Sunderland;0;1;A;0;0;D;11;6;5;3;15;14;11;2;2;1;0;0
5674;Bradford;Liverpool;0;2;A;0;0;D;15;11;4;10;11;13;7;0;0;2;0;0
5682;Man United;Derby;0;1;A;0;1;A;11;10;6;5;13;11;13;1;1;0;0;0
5690;Charlton;Liverpool;0;4;A;0;0;D;12;16;10;14;7;13;10;10;1;1;0;0
5695;Man City;Chelsea;1;2;A;1;1;D;3;9;1;3;22;18;8;7;4;2;0;0
5702;Coventry;Middlesbrough;1;3;A;1;1;D;6;16;3;9;15;21;8;4;5;3;1;0
5717;Southampton;Coventry;1;2;A;0;1;A;12;7;4;5;18;20;6;5;5;3;0;0
5718;West Ham;Leicester;0;1;A;0;0;D;17;4;12;2;16;14;11;5;3;3;1;0
5723;Man City;Coventry;1;2;A;0;2;A;14;9;5;8;7;12;5;5;2;3;0;0
5724;Middlesbrough;Leeds;1;2;A;0;2;A;15;16;8;11;12;20;4;8;2;0;0;0
5729;Leeds;Man City;1;2;A;0;2;A;6;8;1;3;18;24;9;4;2;2;0;0
5735;Coventry;Newcastle;0;2;A;0;1;A;13;13;3;6;11;18;6;8;1;1;0;0
5741;Ipswich;Aston Villa;1;2;A;0;1;A;15;5;5;2;9;13;5;3;1;3;0;0
5745;Middlesbrough;Everton;1;2;A;1;0;H;9;12;5;9;16;5;7;7;3;0;0;0
5752;Everton;Man United;1;3;A;0;3;A;6;17;4;9;10;11;6;5;4;1;0;0
5753;Leeds;Ipswich;1;2;A;1;1;D;11;12;6;7;12;19;6;3;1;3;0;0
5756;Chelsea;Leicester;0;2;A;0;1;A;16;7;10;5;16;17;15;3;3;1;0;0
5759;Bradford;Southampton;0;1;A;0;1;A;14;6;6;4;14;18;7;5;3;1;0;0
5760;Coventry;West Ham;0;3;A;0;2;A;9;12;2;10;12;11;5;6;0;1;0;0
5766;Newcastle;Charlton;0;1;A;0;1;A;12;4;5;2;14;10;4;7;1;2;0;0
5771;Everton;Ipswich;0;3;A;0;1;A;7;9;3;7;6;5;4;1;1;0;0;0
5773;Man City;Newcastle;0;1;A;0;0;D;9;15;7;9;16;12;10;8;0;1;0;0
5774;Southampton;Middlesbrough;1;3;A;0;2;A;16;7;8;5;6;22;6;6;2;2;0;0
5784;Leicester;Man United;0;3;A;0;1;A;10;16;4;5;8;11;6;7;0;0;0;0
5787;Derby;Liverpool;0;4;A;0;1;A;6;16;0;11;18;13;4;3;1;1;0;0
5788;Middlesbrough;Newcastle;1;3;A;0;1;A;8;15;2;8;8;13;6;6;2;1;0;0
5789;Bradford;Ipswich;0;2;A;0;1;A;7;12;3;3;15;14;9;1;1;0;0;0
5794;Newcastle;Everton;0;1;A;0;0;D;11;9;4;4;9;12;5;4;1;3;0;0
5796;West Ham;Arsenal;1;2;A;0;2;A;11;13;3;5;15;11;5;4;1;0;0;0
5798;Southampton;Man City;0;2;A;0;1;A;19;11;6;4;10;15;9;3;1;2;0;0
5810;Coventry;Man United;1;2;A;0;2;A;4;11;2;6;17;8;3;9;1;1;0;0
5812;Man City;Leicester;0;1;A;0;0;D;14;3;3;2;12;14;9;4;1;2;0;0
5813;Middlesbrough;Arsenal;0;1;A;0;1;A;4;11;3;8;10;11;5;8;1;1;1;0
5817;Everton;Aston Villa;0;1;A;0;0;D;14;4;6;1;17;23;6;2;3;2;0;0
5821;Bradford;Everton;0;1;A;0;0;D;11;9;6;4;8;18;3;3;1;2;0;0
5832;Leeds;West Ham;0;1;A;0;1;A;15;4;6;3;14;19;2;2;1;1;0;0
5833;Man City;Man United;0;1;A;0;1;A;10;8;4;4;13;8;10;11;3;1;0;0
5834;Middlesbrough;Leicester;0;3;A;0;2;A;11;9;4;7;8;12;6;2;3;1;0;0
5835;Newcastle;Sunderland;1;2;A;1;0;H;19;9;9;6;17;26;1;4;1;3;0;0
5838;Coventry;Ipswich;0;1;A;0;0;D;12;10;5;4;10;12;5;5;1;1;0;0
5839;Charlton;Sunderland;0;1;A;0;0;D;10;8;2;3;16;16;7;8;0;1;0;0
5841;Derby;Man United;0;3;A;0;0;D;1;12;0;7;12;12;3;9;2;1;0;0
5843;Man City;Ipswich;2;3;A;0;2;A;9;11;4;4;8;5;6;5;0;2;0;0
5845;Southampton;West Ham;2;3;A;1;2;A;10;14;5;8;12;10;6;10;1;2;0;0
5852;Ipswich;Derby;0;1;A;0;1;A;11;3;5;3;13;13;6;1;1;1;0;0
5868;Liverpool;Ipswich;0;1;A;0;1;A;14;11;5;6;12;14;8;5;1;3;0;0
5877;Man United;Liverpool;0;1;A;0;1;A;6;9;4;4;10;11;9;2;1;0;1;0
5883;Leeds;Aston Villa;1;2;A;0;1;A;15;8;5;5;18;18;10;2;1;4;0;0
5890;Aston Villa;Man United;0;1;A;0;0;D;6;14;3;3;15;16;2;4;1;2;0;0
5891;Bradford;Sunderland;1;4;A;0;1;A;11;16;3;11;17;17;9;8;2;0;0;0
5892;Everton;Coventry;1;2;A;0;0;D;17;10;9;5;14;16;5;2;2;1;0;0
5901;Man City;Charlton;1;4;A;0;2;A;8;13;1;8;11;14;7;4;1;2;0;0
5910;Leicester;Bradford;1;2;A;1;2;A;9;8;3;4;11;14;5;3;0;3;0;0
5916;Aston Villa;Liverpool;0;3;A;0;2;A;5;12;1;6;7;10;1;4;2;0;0;0
5917;Bradford;Man United;0;3;A;0;0;D;9;20;3;11;11;11;1;9;1;0;0;0
5919;Man City;Leeds;0;4;A;0;1;A;5;10;3;6;23;17;4;5;5;3;0;0
5923;West Ham;Sunderland;0;2;A;0;1;A;13;7;6;5;20;21;9;6;4;2;0;0
5926;Coventry;Everton;1;3;A;0;3;A;9;8;5;4;9;22;15;3;0;1;0;0
5928;Leeds;Newcastle;1;3;A;1;2;A;12;11;5;7;12;18;16;1;2;1;0;0
5935;Aston Villa;Leeds;1;2;A;1;1;D;12;7;4;3;11;10;5;3;2;0;0;0
5943;Sunderland;Man United;0;1;A;0;0;D;9;13;2;7;15;13;3;2;2;0;2;1
5945;Bradford;Aston Villa;0;3;A;0;0;D;9;13;2;6;14;14;3;4;2;0;0;0
5946;Coventry;Arsenal;0;1;A;0;0;D;12;8;4;6;13;14;3;7;3;4;0;0
5948;Ipswich;Leeds;1;2;A;0;2;A;11;10;6;3;10;15;3;4;1;2;1;0
5960;Man City;Tottenham;0;1;A;0;0;D;11;11;4;4;17;10;7;3;1;0;0;0
5965;Bradford;West Ham;1;2;A;0;1;A;15;11;5;5;9;10;7;1;1;2;0;0
5970;Middlesbrough;Southampton;0;1;A;0;0;D;11;10;6;5;9;9;3;6;1;0;0;0
5971;Newcastle;Man City;0;1;A;0;0;D;10;11;3;3;18;11;5;5;1;0;0;0
5972;Tottenham;Leeds;1;2;A;1;1;D;13;15;4;9;16;14;5;12;2;1;0;0
5980;Man City;Southampton;0;1;A;0;0;D;15;6;7;1;15;15;5;6;1;1;0;0
5984;West Ham;Chelsea;0;2;A;0;2;A;7;17;2;6;12;9;1;0;2;2;0;0
5987;Charlton;Leeds;1;2;A;1;1;D;7;7;3;5;19;13;2;5;3;5;0;0
5988;Chelsea;Sunderland;2;4;A;2;1;H;14;11;6;7;15;26;4;5;0;0;0;0
5990;Newcastle;Middlesbrough;1;2;A;0;2;A;16;7;5;4;14;19;5;1;0;3;0;1
5993;West Ham;Ipswich;0;1;A;0;0;D;5;13;2;5;14;8;4;5;0;0;0;0
6001;Man City;Aston Villa;1;3;A;1;2;A;12;8;6;7;18;13;9;2;6;4;1;0
6002;Sunderland;Leeds;0;2;A;0;1;A;14;7;8;4;17;10;8;4;2;2;0;1
6003;West Ham;Everton;0;2;A;0;1;A;17;10;6;7;16;16;8;2;3;2;1;0
6005;Southampton;Ipswich;0;3;A;0;1;A;11;11;3;5;17;15;6;7;2;1;0;0
6008;Derby;Chelsea;0;4;A;0;0;D;3;10;2;7;13;7;1;9;1;1;0;0
